,account,post,follower,follow,open_account,official_account,image_love,image_comment,video_love,video_comment,igtv_love,igtv_comment,ER,active_rate
0,https://instagram.com/lalalalisa_m,535,33037732,0,1,1,4383333,59794,0,0,0,0,13.44864411,1.364121466
1,https://instagram.com/real__pcy,791,21023710,243,1,1,2009091,52364,2425000,46750,0,0,9.805381638,2.606351526
2,https://instagram.com/jennierubyjane,547,27012933,0,1,1,3614286,35713,0,0,0,0,13.51204255,0.988106368
3,https://instagram.com/sooyaaa__,363,22499796,0,1,1,2460000,18231,0,0,0,0,11.01445986,0.74109726
4,https://instagram.com/skuukzky,1299,12132437,239,1,1,728091,3760,1601750,4646,0,0,6.03218463,0.516418255
5,https://instagram.com/hudabeauty,535,43907023,795,1,1,149060,3873,670091,1229,895500,1240,0.348311021,2.59826514
6,https://instagram.com/baifernbah,4917,7008072,465,1,1,371571,1186,289775,301,0,0,5.318966472,0.319184438
7,https://instagram.com/roses_are_rosie,420,24014665,0,1,1,3031579,28519,6150000,19600,0,0,12.74262206,0.940730576
8,https://instagram.com/taewaew_natapohn,6629,6243462,995,1,1,220878,653,619514,481,737000,1092,3.548207709,0.295636978
9,https://instagram.com/jacksonwang852g7,662,17420197,412,1,1,1149167,16918,851000,8956,0,0,6.693868043,1.472195536
10,https://instagram.com/cathygonzaga,1962,9007313,102,1,1,275214,1042,893000,1558,0,0,3.067018988,0.378613084
11,https://instagram.com/minminmin0712,937,1701839,267,1,1,54962,166,381000,511,59000,106,3.239319348,0.30202136
12,https://instagram.com/taeri__taeri,407,1716525,487,1,1,70111,168,0,0,0,0,4.094260206,0.239616613
13,https://instagram.com/patriciagood,965,1821838,241,1,1,29091,73,89700,64,123000,114,1.600800949,0.25092809
14,https://instagram.com/3ce_official,5200,1772574,16,1,1,10114,9,20100,9,0,0,0.571090403,0.088976767
15,https://instagram.com/victoriabeckham,3459,28326192,276,1,1,169123,597,834260,506,0,0,0.599162782,0.352995435
16,https://instagram.com/jessica.syj,823,9264299,6,1,1,342000,2625,2600000,5522,0,0,3.719925274,0.767541615
17,https://instagram.com/__shinyeeun,176,1635233,14,1,1,222071,852,297000,359,0,0,13.63249152,0.383659354
18,https://instagram.com/gwangoamsinn,4010,1730931,489,1,1,24592,51,122950,36,0,0,1.423684711,0.207376083
19,https://instagram.com/lizasoberano,631,13100545,459,1,1,381688,1947,2100000,2422,2000000,1646,2.92838962,0.510101156
20,https://instagram.com/hi_sseulgi,212,5834734,13,1,1,874143,6354,1400000,3777,0,0,15.09061081,0.726882527
21,https://instagram.com/lilymaymac,1294,4121185,575,1,1,104967,374,0,0,0,0,2.556085204,0.356299063
22,https://instagram.com/mookworranit,4517,2723073,1005,1,1,85261,185,192567,155,0,0,3.137851978,0.216978255
23,https://instagram.com/sora_pppp,944,1014339,395,1,0,19801,51,101800,72,0,0,1.957136618,0.257549742
24,https://instagram.com/hyoyeon_x_x,1219,5094009,41,1,1,178938,1316,152500,800,0,0,3.538548911,0.735446158
25,https://instagram.com/apitsada,8102,3550219,673,1,1,62900,167,70367,139,241000,133,1.776425623,0.265496574
26,https://instagram.com/miyayeah,2156,6251163,362,1,1,236933,1249,555333,1419,0,0,3.810202997,0.527151021
27,https://instagram.com/kisy0729,4174,783186,829,1,1,12945,167,214000,296,0,0,1.67418723,1.289973737
28,https://instagram.com/goyounjung,157,770033,1,1,1,50243,214,110000,238,0,0,6.552576318,0.425921503
29,https://instagram.com/theniti,6123,2502332,353,1,1,42464,84,154300,168,0,0,1.700333929,0.197809961
30,https://instagram.com/yook_can_do_it,339,3104609,42,1,1,420667,9227,0,0,0,0,13.84696108,2.193416186
31,https://instagram.com/chinitaprincess,3187,8587604,1059,1,1,91500,944,794500,3664,0,0,1.076481869,1.031682714
32,https://instagram.com/vivamoon,6144,648781,216,1,0,6123,86,0,0,0,0,0.95702556,1.404310908
33,https://instagram.com/duearisara,3809,2954813,335,1,1,58157,134,84268,24,46900,32,1.972747514,0.230406823
34,https://instagram.com/rolaofficial,4083,6096418,1351,1,1,119124,324,812000,1031,0,0,1.95931447,0.271983211
35,https://instagram.com/vely.mom,787,721960,227,1,0,8496,128,0,0,0,0,1.194526013,1.506414028
36,https://instagram.com/overdokyungsoo,254,2184780,52,1,0,50347,491,40800,78,0,0,2.326916211,0.975212521
37,https://instagram.com/boakwon,872,3283106,194,1,1,90188,630,268143,782,0,0,2.766221986,0.698533081
38,https://instagram.com/jpreem,4171,1468559,584,1,1,20275,99,70800,96,0,0,1.387346372,0.488261985
39,https://instagram.com/songdaeik,245,370620,0,1,0,55415,379,421000,348,0,0,15.05423345,0.683918002
40,https://instagram.com/_twinkle_makeup_,422,316944,470,1,0,6691,40,132033,123,0,0,2.123719017,0.597728631
41,https://instagram.com/risabae_art,1293,999229,548,1,1,19883,126,0,0,0,0,2.002443884,0.633675317
42,https://instagram.com/khunfour,4226,2588677,836,1,1,33278,56,0,0,0,0,1.28768479,0.168274287
43,https://instagram.com/somsomi0309,220,6568133,6,1,1,709000,3664,882500,2780,0,0,10.8503284,0.516783474
44,https://instagram.com/dahee0315,981,1850811,93,1,1,159900,726,360800,836,0,0,8.67868194,0.454030932
45,https://instagram.com/_yoonkyoung,158,310790,149,1,1,15564,71,132000,25,0,0,5.030728144,0.456151622
46,https://instagram.com/seoa_p,672,288977,471,1,1,8374,72,48550,80,60550,60,2.922723954,0.859701493
47,https://instagram.com/kyj._.95,218,565405,275,1,0,9547,159,0,0,0,0,1.71664559,1.665270214
48,https://instagram.com/villwannarot,5947,1609473,908,1,1,23448,65,17700,21,167000,127,1.460912982,0.277197322
49,https://instagram.com/zipcy,762,715606,432,1,0,33433,107,0,0,0,0,4.686936666,0.320033499
50,https://instagram.com/garin_ss,3054,442528,91,1,1,2138,36,11076,22,0,0,0.491268349,1.683029453
51,https://instagram.com/come2david,875,291303,670,1,0,12304,69,67750,194,0,0,4.247467414,0.560747664
52,https://instagram.com/areumsongee,2714,400809,456,1,1,8054,26,0,0,0,0,2.015922796,0.322780881
53,https://instagram.com/a12486,456,370301,87,1,1,7083,78,0,0,0,0,1.933832207,1.10107284
54,https://instagram.com/deardahlia_beauty,1266,291881,863,1,1,2133,15,6560,7,0,0,0.735916349,0.702905342
55,https://instagram.com/huoggiangggg,1066,3277067,211,1,1,184125,589,590000,687,0,0,5.636564648,0.319889641
56,https://instagram.com/dancingmulgogi,1365,262628,349,1,1,20575,103,171000,32,0,0,7.873494068,0.500583204
57,https://instagram.com/rothy_ming,563,240743,276,1,1,27814,170,73650,180,0,0,11.62401399,0.611181017
58,https://instagram.com/seungcheol__j,837,279034,569,1,0,4547,84,3297,29,0,0,1.659654379,1.846965699
59,https://instagram.com/makeup_maker_,2787,242595,196,1,0,1311,10,0,0,76300,26,0.544528947,0.762195122
60,https://instagram.com/woooozzzzz,1541,370020,324,1,0,5055,97,0,0,0,0,1.39235717,1.918512658
61,https://instagram.com/delight_hyeon,375,320009,60,1,0,4323,23,3705,13,0,0,1.358086804,0.531914894
62,https://instagram.com/kwrhome,2523,191252,394,1,1,1541,30,40600,38,0,0,0.821429318,1.945525292
63,https://instagram.com/vtcosmetics_official,3959,1114397,2,1,1,3477,57,7128,16,0,0,0.317122175,1.638872915
64,https://instagram.com/charmant__u,360,200830,251,1,0,13025,159,53700,239,0,0,6.564756262,1.220635652
65,https://instagram.com/xoyeonee,423,277262,613,1,0,5111,103,32093,55,0,0,1.880531771,2.01486698
66,https://instagram.com/jessie_ca_x,905,249849,275,1,0,3572,33,2169,9,9834,9,1.442871494,0.923593619
67,https://instagram.com/saayworld,346,194324,478,1,1,7539,140,54000,331,0,0,3.951647764,1.856763926
68,https://instagram.com/velyvely0_,441,204139,269,1,0,2898,18,27000,12,0,0,1.428438466,0.62090376
69,https://instagram.com/yoomth,7292,326392,699,1,0,3082,33,108000,130,58000,14,0.954373882,1.070385988
70,https://instagram.com/misssohn,2120,144364,357,1,1,817,24,7253,10,0,0,0.582555208,2.93398533
71,https://instagram.com/yoobohwa,1201,166939,288,1,1,1533,29,0,0,11193,2,0.935671113,1.890482399
72,https://instagram.com/mangoo_6,138,453463,199,1,0,112122,1595,0,0,0,0,25.07745946,1.422544884
73,https://instagram.com/bosong_s2_,192,449740,165,1,0,19020,131,57200,64,0,0,4.258238093,0.688712476
74,https://instagram.com/do2i_,639,136667,389,1,0,2121,26,7831,16,0,0,1.570971778,1.225259189
75,https://instagram.com/bell_aiya,891,564249,389,1,0,20079,36,0,0,0,0,3.564915489,0.179282869
76,https://instagram.com/yoonara_mood,2694,482311,544,1,0,3321,22,0,0,0,0,0.693121243,0.662251656
77,https://instagram.com/another_youla,10894,126123,1020,1,0,605,10,10955,9,0,0,0.487619229,1.650165017
78,https://instagram.com/pakkaramai,5836,587374,701,1,1,3243,26,2487,12,0,0,0.556544893,0.801479655
79,https://instagram.com/jaeinn,690,160043,219,1,0,7055,31,7667,18,0,0,4.427560093,0.439342404
80,https://instagram.com/kaone815,3435,223636,357,1,1,2098,20,33800,4,0,0,0.947074711,0.952834683
81,https://instagram.com/annacay,2173,353812,1570,1,1,16404,96,0,0,0,0,4.663493607,0.585187443
82,https://instagram.com/shortbutstunning,6648,203397,374,1,0,823,20,0,0,0,0,0.41446039,2.427184466
83,https://instagram.com/imvely_official,2725,101537,5,1,0,228,10,0,0,0,0,0.234397313,4.366812227
84,https://instagram.com/laneige_kr,2051,405354,17,1,1,2704,50,4151,8,0,0,0.679406149,1.848428835
85,https://instagram.com/minyoung_aori,1204,416329,591,1,1,9396,270,0,0,0,0,2.321721523,2.873257423
86,https://instagram.com/gini_s2_,536,577242,324,1,0,26996,108,34600,18,0,0,4.695431032,0.400044449
87,https://instagram.com/yangmeera,1146,95506,235,1,1,4263,115,0,0,0,0,4.584005193,2.696998124
88,https://instagram.com/parkgirim,2149,129350,276,1,0,1839,8,8920,10,0,0,1.427908775,0.434782609
89,https://instagram.com/jenna_chew,417,2017304,618,1,1,54685,1252,307500,1098,0,0,2.772859222,2.289434224
90,https://instagram.com/blossomh_,996,177100,491,1,1,3734,40,9313,33,0,0,2.130999435,1.070950469
91,https://instagram.com/kimheejin331,1121,112516,42,1,0,4991,35,26400,280,0,0,4.46692026,0.701121795
92,https://instagram.com/lxxseyoung,681,221598,289,1,0,1902,40,25915,53,0,0,0.8763617,2.101944298
93,https://instagram.com/beautyplmagazine,5949,674118,0,1,0,1032,2,5148,2,0,0,0.153385609,0.193610842
94,https://instagram.com/ahrimin1206,708,198370,318,1,0,1656,47,31000,120,0,0,0.858496749,2.836451418
95,https://instagram.com/hansstyle_hanna,12564,235088,338,1,0,850,27,13753,10,30700,20,0.373051793,3.172737955
97,https://instagram.com/vvery_woony,1757,109574,533,1,0,1695,38,10942,8,0,0,1.581579572,2.240566038
98,https://instagram.com/endorphin.oh,4868,110992,460,1,0,352,9,7084,5,0,0,0.325248667,2.549575071
99,https://instagram.com/____onnu____,9553,148548,469,1,0,2195,26,41000,37,0,0,1.495139618,1.183970856
100,https://instagram.com/ahsy_u,659,390496,399,1,0,6055,49,68000,149,41700,77,1.563140211,0.809114927
101,https://instagram.com/peripera_official,1279,509474,1,1,1,7594,76,21550,108,0,0,1.505474273,1.000658328
102,https://instagram.com/__dropin,92,112491,520,1,0,6013,34,18300,48,0,0,5.375541154,0.565347522
103,https://instagram.com/holikaholika_official,1024,274617,68,1,1,1787,12,3494,26,0,0,0.655094186,0.67114094
104,https://instagram.com/knhs2,307,747937,116,1,0,48324,143,0,0,0,0,6.480091238,0.295913088
105,https://instagram.com/gemma_811,3089,593310,463,1,1,6433,51,6249,34,0,0,1.092851966,0.792663973
106,https://instagram.com/thedudacastro,447,1032278,477,1,1,34380,855,230500,495,0,0,3.413324705,2.486838661
107,https://instagram.com/88bbong,3839,202201,409,1,1,3688,80,15900,319,60600,26,1.863492268,2.168609379
108,https://instagram.com/benefitcosmeticskorea,6067,200923,160,1,1,1519,36,4273,4,0,0,0.773928321,2.368421053
109,https://instagram.com/grace1.co.kr__,6515,123053,1246,1,0,342,28,0,0,0,0,0.300683445,8.163265306
110,https://instagram.com/yehdeb,1618,808222,961,1,1,35211,490,0,0,0,0,4.41722695,1.391571055
111,https://instagram.com/dawniscoming,3118,228883,1003,1,1,4394,22,40833,22,0,0,1.929370027,0.500568828
112,https://instagram.com/wonderpyo,8740,78389,1554,1,0,709,27,0,0,2465,4,0.938907245,3.802816901
113,https://instagram.com/withnami,2966,166395,387,1,1,1318,185,23400,88,0,0,0.903272334,14.0257771
114,https://instagram.com/pt_u_jin,305,234392,314,1,1,18358,90,0,0,0,0,7.870575788,0.490222779
115,https://instagram.com/ro.junghwa,884,367579,316,1,0,4834,19,0,0,0,0,1.320260407,0.392967942
116,https://www.instagram.com/chahong.official/,1176,201747,2,1,1,398,2,19667,11,0,0,0.198268128,0.501253133
117,https://instagram.com/aheadsman_l,1132,231347,10,1,0,2957,94,51075,392,0,0,1.318798169,3.177822853
118,https://instagram.com/derful_yuri,3259,71109,106,1,0,495,14,12282,21,0,0,0.7158025,2.822580645
120,https://instagram.com/ryun1013,1696,46917,3233,1,0,419,14,0,0,0,0,0.922906409,3.333333333
121,https://instagram.com/yeon.sun,976,92692,177,1,0,1403,15,0,0,0,0,1.529797609,1.068376068
122,https://instagram.com/egeeparkcom,3443,128558,1237,1,1,214,4,13786,32,9158,1,0.169573267,1.860465116
123,https://www.instagram.com/iammaeng/,1184,237548,478,1,0,12136,54,49400,21,0,0,5.131594457,0.444920491
124,https://instagram.com/aprilskin_korea,840,130966,0,1,1,728,9,1787,2,0,0,0.562741475,1.234567901
125,https://instagram.com/go_bambi,3368,168540,284,1,0,1005,58,32300,49,0,0,0.63071081,5.765407555
126,https://instagram.com/memebox_pick,2486,193005,7,1,1,273,7,894,0,0,0,0.145073962,2.554744526
127,https://instagram.com/heejaeholic,8182,169786,983,1,0,1271,28,38300,43,0,0,0.765080749,2.201257862
128,https://instagram.com/moonshot_korea,1088,225823,5,1,1,26810,231,28280,32,0,0,11.97442245,0.861586662
129,https://instagram.com/128page,1012,230651,368,1,0,2501,17,11600,12,0,0,1.091692644,0.679456435
130,https://instagram.com/minsung8809,874,277177,904,1,0,8948,46,15900,83,0,0,3.244857979,0.514023913
131,https://instagram.com/daese1230,565,78431,141,1,0,3238,45,0,0,0,0,4.185844883,1.389317691
132,https://instagram.com/joontopia_,209,80232,76,1,0,2320,26,0,0,0,0,2.924020341,1.120206807
133,https://instagram.com/vecnexz,167,318534,223,1,0,3907,29,7323,4,0,0,1.235660871,0.742067554
134,https://instagram.com/real__siri,2242,69998,811,1,0,329,10,0,0,3622,3,0.484299551,3.03030303
135,https://instagram.com/kwaktori,3218,147183,449,1,1,2039,26,0,0,0,0,1.403015294,1.274509804
136,https://instagram.com/yoou.ch,2078,390105,571,1,0,10735,33,9722,9,0,0,2.760282488,0.307377049
137,https://instagram.com/heididrinkslove,3127,155397,287,1,1,2064,655,64640,1038,0,0,1.749712028,31.71912833
138,https://instagram.com/besthairstylesmen,953,185332,3795,1,0,6496,97,62866,38,0,0,3.557399694,1.492996768
139,https://instagram.com/naturerepublic_kr,1588,614252,0,1,1,14087,306,13317,17,0,0,2.343175114,2.172061329
140,https://instagram.com/i.hate.cucumber,331,197545,297,1,0,2592,20,0,0,0,0,1.322230378,0.771307366
141,https://instagram.com/bbia.official,962,204549,2,1,1,1668,69,7197,17,0,0,0.849185281,4.134212103
142,https://instagram.com/jju_dresser,3224,131147,503,1,0,631,47,21518,36,12945,24,0.516977133,7.436708861
143,https://instagram.com/mini_o24,1247,62586,178,1,0,622,23,26572,26,34325,36,1.030581919,3.691813804
144,https://instagram.com/yeonpilates,2658,241107,407,1,0,1533,62,22850,47,0,0,0.661532017,4.041720991
145,https://instagram.com/olaborasong,3033,199824,611,1,0,12551,345,30250,161,0,0,6.453679238,2.748565966
146,https://instagram.com/mming_kkong_,1513,68562,994,1,0,4071,41,0,0,0,0,5.997491322,1.006876228
147,https://instagram.com/hyanggggg_,1048,212423,351,1,0,3351,21,0,0,0,0,1.587398728,0.626491647
148,https://instagram.com/leah_miso,1508,211396,123,1,0,1778,13,11201,17,0,0,0.847225113,0.730747611
149,https://instagram.com/jenny_beauty0209,666,235259,234,1,0,4079,30,381000,624,0,0,1.746585678,0.735294118
150,https://instagram.com/iamtaengja,134,41924,414,1,0,4940,627,0,0,0,0,13.27879019,12.68973892
151,https://instagram.com/tamystory,1970,66466,666,1,1,938,46,9996,46,0,0,1.480456173,4.898828541
152,https://instagram.com/kimdayeong_life,2383,169374,311,1,0,6569,89,34450,28,62600,117,3.930945718,1.354642314
153,https://instagram.com/yeonggine,61,113803,865,1,0,266,13,3133,16,0,0,0.245160497,4.868913858
154,https://instagram.com/nice_nemo,3042,121858,832,1,0,970,61,21497,36,0,0,0.846066733,6.282183316
155,https://instagram.com/manyo_yoojin,6107,597799,228,1,0,6819,92,0,0,0,0,1.156074199,1.348973607
156,https://instagram.com/cchan_fee4,1204,252238,986,1,1,17797,135,0,0,0,0,7.10915881,0.758512192
157,https://instagram.com/sson__s,2308,46493,289,1,0,609,71,6207,26,0,0,1.462585766,11.63934426
158,https://instagram.com/kukukuyeah,620,215266,568,1,0,22436,290,91000,1311,0,0,10.55717113,1.292507911
159,https://instagram.com/moon_hahyeon,355,176860,919,1,0,3498,29,4748,33,0,0,1.994232726,0.828808231
160,https://instagram.com/twinkle_sunny7,3812,318056,674,1,0,1768,91,20530,208,0,0,0.584488266,5.144149237
161,https://instagram.com/bunnyaire,6216,462006,895,1,1,9856,83,129000,81,0,0,2.151270763,0.842041189
162,https://instagram.com/_s_hj,270,199166,355,1,0,6959,62,15600,83,21000,20,3.525200084,0.890804598
163,https://instagram.com/froydz,422,649338,461,1,0,5026,7,0,0,0,0,0.775097099,0.13924806
164,https://instagram.com/sso_ix,525,88672,79,1,0,2358,5,3339,7,0,0,2.664877301,0.211954218
165,https://instagram.com/harry_bloom,519,167366,458,1,0,3551,101,32091,46,0,0,2.182044143,2.843468468
166,https://instagram.com/all6i2,1817,92992,2,1,0,508,58,0,0,0,0,0.608654508,11.39489194
167,https://instagram.com/sh1994m,387,156661,208,1,0,1356,12,815,4,0,0,0.873223074,0.884303611
168,https://instagram.com/16.brand,1755,183395,5,1,0,1649,38,4115,4,0,0,0.919872407,2.303030303
169,https://instagram.com/theorohaejung,17105,88054,1333,1,0,151,12,5207,16,0,0,0.18511368,7.894736842
170,https://instagram.com/pinksecret85,12589,145547,464,1,0,392,23,7909,42,13750,14,0.285131263,5.852417303
171,https://instagram.com/ysubini,715,206426,179,1,0,6117,21,30500,19,0,0,2.973462645,0.343249428
172,https://instagram.com/mint_factory.1004,505,70249,375,1,0,1884,9,5901,2,0,0,2.69470028,0.477453581
173,https://instagram.com/___solvely___,260,392266,203,1,0,8771,42,0,0,0,0,2.246689746,0.47879617
174,https://instagram.com/louis0387,2529,124125,1165,1,0,716,4,4867,4,0,0,0.580060423,0.557880056
175,https://instagram.com/luv_jayne,994,156951,567,1,0,9327,29,4893,6,0,0,5.961096138,0.310891938
176,https://instagram.com/yonyonyxx,1263,161413,277,1,0,4233,28,0,0,0,0,2.639812159,0.661313179
177,https://instagram.com/love_boki,10378,145656,705,1,0,530,10,0,0,0,0,0.37073653,1.883239171
178,https://instagram.com/atoi_jihyo,725,93960,285,1,0,365,25,0,0,0,0,0.415070243,6.830601093
179,https://instagram.com/laun_kr,4128,184296,885,1,0,1310,214,0,0,0,0,0.82693059,16.32341724
180,https://instagram.com/heizlemakeup,1099,186400,379,1,1,5766,66,19650,48,0,0,3.128755365,1.144442518
181,https://instagram.com/ddimmi96,460,194951,247,1,0,4821,68,9994,78,0,0,2.507809655,1.410203235
182,https://instagram.com/y_unanaa,4037,68995,225,1,0,1810,77,18400,26,0,0,2.734980796,4.251794589
183,https://instagram.com/ahk0925,1316,110228,661,1,0,1071,96,0,0,0,0,1.058714664,8.955223881
184,https://instagram.com/moonguiyoung,2717,108936,415,1,0,644,7,0,0,0,0,0.59759859,1.085271318
185,https://instagram.com/ecom0920,2522,95189,399,1,0,300,27,6902,33,0,0,0.343527088,8.970099668
186,https://instagram.com/akaribeauty7,2755,155370,356,1,0,26754,9534,54750,974,0,0,23.3558602,35.63446085
188,https://instagram.com/hinzajoa,4467,280776,432,1,0,382,6,1048,3,0,0,0.138188449,1.566579634
189,https://instagram.com/mamondekorea,964,205248,7,1,1,1318,89,9533,70,0,0,0.685512161,6.747536012
190,https://instagram.com/lxoxoee,119,223878,141,1,0,5296,24,0,0,0,0,2.376294232,0.453086653
191,https://instagram.com/sjingg_,1069,72815,275,1,1,898,101,19110,88,0,0,1.371970061,11.23470523
192,https://instagram.com/yoon__bling,2349,71954,304,1,0,569,37,0,0,0,0,0.842204742,6.49122807
193,https://instagram.com/dd.mini,2837,122543,617,1,0,1858,84,29033,133,16900,30,1.584749843,4.518558365
194,https://instagram.com/he1.da,287,210700,81,1,0,7149,169,0,0,0,0,3.473184623,2.363636364
195,https://instagram.com/6_21ds,165,155663,449,1,0,8959,60,36800,68,0,0,5.793926624,0.669642857
196,https://instagram.com/woohye0n,58,694273,403,1,1,12625,106,82767,78,0,0,1.833716708,0.839537462
197,https://instagram.com/mona_monanim,269,192200,108,1,0,13022,28,202150,80,222000,58,6.789802289,0.215004223
198,https://instagram.com/kimzayoung,743,178676,441,1,0,611,5,1703,8,0,0,0.34475811,0.816993464
199,https://instagram.com/mozzi.00,1002,121208,394,1,0,370,7,7932,9,0,0,0.311035575,1.886792453
200,https://instagram.com/minami.riho,227,101301,149,1,0,10985,52,0,0,0,0,10.89525276,0.473329692
201,https://instagram.com/arjenia,4680,169583,2,1,0,4896,33,24190,91,0,0,2.90654134,0.673881969
202,https://instagram.com/l.h.mom,352,140503,180,1,1,4044,52,9128,31,0,0,2.915240244,1.285537701
203,https://instagram.com/insight.co.kr_beauty,3632,129869,204,1,1,1917,151,4113,1,0,0,1.592373854,7.87278415
204,https://instagram.com/rilaccoco,609,171075,476,1,1,4338,27,27000,251,0,0,2.551512495,0.622263194
205,https://instagram.com/seonihwang,316,127591,317,1,1,5682,24,0,0,0,0,4.472102264,0.422312159
206,https://instagram.com/nail_seoriyam,2969,76719,299,1,0,401,8,4612,12,0,0,0.533114352,1.990049751
207,https://instagram.com/keemme_,865,141173,543,1,0,1695,18,8105,13,0,0,1.21340483,1.061320755
208,https://instagram.com/jardindemaison,9086,38723,706,1,0,319,4,6088,2,0,0,0.834129587,1.25
209,https://instagram.com/ryu_angel,2039,85873,629,1,0,638,94,12054,75,0,0,0.852421599,14.71048513
210,https://instagram.com/d.hwan_92,495,196190,283,1,0,5072,36,0,0,0,0,2.603598552,0.709639267
211,https://instagram.com/summyis,639,79286,231,1,0,4736,41,19557,13,0,0,6.025023333,0.865526705
212,https://instagram.com/hael_kk,1615,76526,496,1,0,356,5,2092,8,0,0,0.471735097,1.400560224
213,https://instagram.com/0__0man,1434,389050,271,1,0,7842,30,3182,24,0,0,2.02339031,0.382506694
214,https://instagram.com/di_oniz,911,36369,638,1,0,1005,19,0,0,0,0,2.815584701,1.888667992
215,https://instagram.com/chaebubble,728,127452,321,1,0,1446,18,15874,46,0,0,1.148667734,1.243953006
216,https://instagram.com/__joovely__,908,125364,366,1,0,817,18,14100,49,0,0,0.666060432,2.200488998
217,https://instagram.com/gamgak_j,4377,87357,368,1,0,524,16,0,0,0,0,0.618153096,3.047619048
218,https://instagram.com/binlog_,5639,44946,704,1,0,512,8,11261,4,0,0,1.156943888,1.559454191
219,https://instagram.com/dunamandu,4259,72912,586,1,0,173,6,5380,9,5679,2,0.245501426,3.448275862
220,https://instagram.com/the_clerk_48,238,41407,54,1,0,2509,11,0,0,0,0,6.0859275,0.438247012
221,https://instagram.com/ev.alet,559,165180,181,1,1,8034,131,0,0,0,0,4.943092384,1.630367144
222,https://instagram.com/sjeuro,1766,130012,168,1,0,1374,40,8136,22,14500,15,1.087591915,2.909090909
223,https://instagram.com/cheristyle_,981,160703,892,1,0,4203,62,0,0,0,0,2.653964145,1.474785918
224,https://instagram.com/hahana111,3828,48743,860,1,1,456,30,6018,25,0,0,0.997066245,6.564551422
225,https://instagram.com/velyyson_g,1019,276565,186,1,0,2148,15,0,0,0,0,0.782094625,0.697999069
226,https://instagram.com/__bygracekim,1085,413062,362,1,0,3015,63,21700,119,0,0,0.745166585,2.088859416
227,https://instagram.com/m1ss_ryu,7236,101302,463,1,0,1181,77,0,0,0,0,1.241831356,6.514382403
228,https://instagram.com/monaka.beauty,635,64870,305,1,0,1187,14,18825,12,4833,13,1.851395098,1.178451178
229,https://instagram.com/gombooin,10224,52038,302,1,0,165,10,0,0,6005,4,0.336292709,6.024096386
230,https://instagram.com/b_bangg_,842,128803,672,1,0,688,9,9375,15,0,0,0.541136464,1.306240929
231,https://instagram.com/nail_0408,2312,100033,626,1,0,881,12,14866,10,0,0,0.892705407,1.360544218
232,https://instagram.com/b_bsssss,1866,103603,7305,1,0,854,28,3237,27,0,0,0.851326699,3.274853801
233,https://instagram.com/_yunboktv,256,48840,482,1,0,1495,28,907,12,0,0,3.118345618,1.871657754
234,https://instagram.com/y._.bling,228,133914,31,1,0,12407,65,30909,20,0,0,9.313439969,0.523855577
235,https://instagram.com/soyeo,1588,43323,466,1,0,599,16,0,0,0,0,1.419569282,2.666666667
236,https://instagram.com/96.kim,196,69257,329,1,0,509,7,6877,5,0,0,0.745051042,1.37254902
237,https://instagram.com/yuuhyemin,273,189475,84,1,0,4685,23,0,0,0,0,2.484760522,0.49082373
238,https://instagram.com/parkahin,2423,90789,215,1,0,513,28,5386,23,0,0,0.595887167,5.447470817
239,https://instagram.com/marie_yeon,4609,73344,290,1,0,318,12,0,0,0,0,0.449934555,3.761755486
240,https://instagram.com/edgeo516/,1959,129583,246,1,0,2143,43,21267,32,0,0,1.686949677,2.005597015
241,https://instagram.com/hp.i09,279,187598,264,1,0,7709,55,5127,3,0,0,4.138636872,0.713359274
242,https://instagram.com/hohobeautylog,1001,139302,349,1,0,3010,28,0,0,0,0,2.180873211,0.929923613
243,https://instagram.com/mong2_mom,912,188273,218,1,1,6957,101,78633,91,0,0,3.748811566,1.451566542
245,https://instagram.com/cha.star,1511,97387,385,1,0,403,4,5164,2,0,0,0.417920256,0.99009901
246,https://instagram.com/seoltamin,6472,39706,667,1,0,425,22,0,0,0,0,1.125774442,5.164319249
247,https://instagram.com/jinsolllllllshin,1688,143912,226,1,0,2662,12,16424,24,0,0,1.858079938,0.450619602
248,https://instagram.com/afma22,657,180884,130,1,0,715,8,0,0,0,0,0.399703677,1.117318436
249,https://instagram.com/yoongandchic,4203,77900,293,1,0,213,5,1621,0,0,0,0.279845956,2.336448598
250,https://instagram.com/o_yene,100,206350,158,1,0,4613,40,0,0,0,0,2.254906712,0.866926745
251,https://instagram.com/enricatarolla,1362,43907,2436,1,0,1460,26,7664,33,17500,32,3.384426174,1.779603012
252,https://instagram.com/usb72,221,76243,79,1,0,1187,12,0,0,0,0,1.572603387,1.01010101
253,https://instagram.com/pinkeh2015,944,94871,126,1,1,1329,31,4511,16,0,0,1.433525524,2.330827068
254,https://instagram.com/doa_s2,583,160373,275,1,0,4515,32,63800,26,0,0,2.835265288,0.708591674
255,https://instagram.com/koojungyeon,6157,66207,655,1,0,301,4,5504,14,0,0,0.460676364,1.324503311
256,https://instagram.com/velyvely_official,1428,38428,5,1,0,196,2,3161,3,0,0,0.515249297,1.015228426
257,https://instagram.com/yeondukong,1024,169111,5,1,0,2694,43,10466,16,0,0,1.618463613,1.59554731
258,https://instagram.com/yeseo_yedam_mom,899,90969,168,1,0,1310,17,4540,6,0,0,1.458738691,1.296720061
259,https://instagram.com/alicefunk9093,2286,70353,959,1,1,1161,18,0,0,0,0,1.675834719,1.549053356
260,https://instagram.com/hp_makeup.kr,551,120718,278,1,0,2115,17,17633,40,13251,29,1.766099505,0.803402647
261,https://instagram.com/hyunjeongkkim,3099,80108,0,1,0,434,3,2252,0,0,0,0.545513557,0.689655172
262,https://instagram.com/hyoxxi,1895,144568,660,1,0,3533,12,6331,13,0,0,2.452133252,0.339558574
263,https://instagram.com/yomi_o.o,100,51404,413,1,0,2970,35,0,0,0,0,5.845848572,1.178054527
264,https://instagram.com/naneunminji,294,129301,230,1,0,2665,13,4660,25,0,0,2.071136341,0.487621905
265,https://instagram.com/hairstylist_cevahir_hadi,1962,64818,6746,1,0,279,13,1838,8,971,7,0.450492147,4.642857143
266,https://instagram.com/lololo0728,184,189353,149,1,0,5879,78,7044,22,0,0,3.145976034,1.326530612
267,https://instagram.com/haenee___,110,39564,66,1,0,2081,27,0,0,0,0,5.328076029,1.296829971
268,https://instagram.com/kim.shony,310,108226,118,1,0,1257,21,0,0,0,0,1.18086227,1.669316375
269,https://instagram.com/nathinog,5306,167980,1552,1,0,6391,163,34833,281,0,0,3.901654959,2.550062578
270,https://instagram.com/hi_bambigirl,2125,75457,1,1,1,845,18,10500,25,0,0,1.143697735,2.127659574
271,https://instagram.com/danjinail,4675,51863,3197,1,0,288,1,5173,2,0,0,0.557237337,0.346020761
272,https://instagram.com/kani_o3o,265,179383,700,1,0,3148,21,0,0,0,0,1.766611106,0.666878374
273,https://instagram.com/lemi.do,1194,88993,804,1,0,192,35,0,0,0,0,0.255076242,18.13471503
274,https://instagram.com/yu__hyewon,30,131697,55,1,1,5790,80,0,0,0,0,4.457200999,1.38145398
275,https://instagram.com/s.ming_g,4730,65294,396,1,0,423,47,1760,14,0,0,0.719821117,11.08490566
276,https://instagram.com/beinny_motd,822,128903,412,1,0,1861,35,5071,24,0,0,1.470873447,1.879699248
277,https://instagram.com/wakemake_official,933,100912,84,1,0,1959,16,17803,7,0,0,1.957150785,0.816326531
278,https://instagram.com/ssom2ing,195,213088,114,1,0,1804,30,9452,22,0,0,0.860677279,1.662049861
279,https://instagram.com/cicis_nail,1350,80498,4218,1,0,451,0,2732,2,0,0,0.560262367,0
280,https://instagram.com/parktaeyun,1458,48935,1278,1,0,581,9,4783,8,0,0,1.205681005,1.546391753
281,https://instagram.com/kang_naraa,187,73404,279,1,0,3349,77,0,0,0,0,4.667320582,2.298507463
282,https://instagram.com/ansomi21,1535,102239,2423,1,0,2621,77,11900,39,0,0,2.6389147,2.93668955
283,https://instagram.com/ehee45,3234,65473,332,1,0,1018,38,9592,21,0,0,1.612878591,3.729146222
284,https://instagram.com/haajjin,1885,111074,481,1,0,2306,12,20234,12,0,0,2.086897024,0.520156047
285,https://instagram.com/youh.lax,525,109314,471,1,0,2913,40,0,0,0,0,2.701392319,1.372683596
286,https://instagram.com/pure_hwang,589,204278,143,1,0,3573,22,0,0,0,0,1.759856666,0.615556799
287,https://instagram.com/kryxsoo,72,62169,266,1,0,3952,42,2148,14,0,0,6.424423748,1.062484189
288,https://instagram.com/boyuni.__,189,68480,274,1,0,783,13,1298,8,0,0,1.162383178,1.658163265
289,https://instagram.com/cq_bq,2453,118626,813,1,0,766,6,1122,4,29500,26,0.65078482,0.782268579
290,https://instagram.com/hoyhoyoung,2584,54381,1561,1,0,1276,31,6700,20,0,0,2.403412957,2.427564605
291,https://instagram.com/k__nhi,39,122340,444,1,0,17788,116,29350,36,0,0,14.63462482,0.652088369
292,https://instagram.com/namoro0327,2865,86634,338,1,0,1180,4,0,0,0,0,1.366668975,0.33869602
293,https://instagram.com/dingo_beauty,125,43634,11,1,0,281,2,1206,3,0,0,0.648576798,0.709219858
294,https://instagram.com/samchic.jihwan,891,134124,3655,1,0,3493,17,22901,30,0,0,2.616981301,0.486548369
295,https://instagram.com/min_1111111,487,281668,213,1,0,5253,74,16700,17,0,0,1.891233651,1.408450704
296,https://instagram.com/baedina,939,66200,253,1,0,1641,53,5072,12,0,0,2.558912387,3.227771011
297,https://instagram.com/rnjs28,91,121020,335,1,1,14244,193,0,0,0,0,11.92943315,1.354861355
298,https://instagram.com/kxxgsu,1030,121328,574,1,0,1892,34,10500,23,0,0,1.587432415,1.796090861
299,https://instagram.com/ssoyonging,329,28607,541,1,0,2254,64,17867,87,0,0,8.102911875,2.838137472
300,https://instagram.com/su_.xy,118,149045,191,1,0,2735,26,0,0,0,0,1.852460666,0.950292398
301,https://instagram.com/hansomang,1214,128118,205,1,0,736,18,0,0,0,0,0.588519958,2.442333786
302,https://instagram.com/so_____y_,1704,229311,813,1,0,2059,36,2690,24,0,0,0.913606412,1.747572816
303,https://instagram.com/0zoocarr,551,93653,112,1,0,3047,32,0,0,0,0,3.287668307,1.049868766
304,https://instagram.com/number_76,2843,98191,415,1,0,123,24,1636,2,2255,1,0.149708222,19.35483871
305,https://instagram.com/merryblossom.sun,1710,53619,548,1,0,1045,30,37314,30,0,0,2.004886328,2.868068834
306,https://instagram.com/blannblann,1130,50966,899,1,0,207,5,4785,5,0,0,0.415963584,2.403846154
307,https://instagram.com/haebbang2,1585,29993,2045,1,0,730,32,10276,40,0,0,2.540592805,4.377564979
308,https://instagram.com/bijueny,3569,48707,161,1,0,169,7,0,0,0,0,0.361344365,4.117647059
309,https://instagram.com/dameebaby,958,105462,146,1,0,470,17,4777,19,0,0,0.461777702,3.609341826
310,https://instagram.com/shim.mj,2568,115153,435,1,0,2143,82,0,0,32300,38,1.932211927,3.824626866
311,https://instagram.com/makeviviju,720,112257,69,1,0,2006,11,3408,3,0,0,1.796769912,0.548081714
312,https://instagram.com/yeboring03,104,107072,125,1,0,10280,70,0,0,0,0,9.666392708,0.68086762
313,https://instagram.com/hanyulofficial,1055,50253,98,1,1,772,127,2314,12,0,0,1.788947924,16.42949547
314,https://instagram.com/dambi.home,500,47597,136,1,0,894,24,0,0,0,0,1.928692985,2.681564246
315,https://instagram.com/mjystagram,725,95445,515,1,0,514,4,4513,3,0,0,0.542720939,0.776699029
316,https://instagram.com/_____network,4743,51082,875,1,0,268,5,0,0,0,0,0.53443483,1.858736059
317,https://instagram.com/eezzh,168,181314,90,1,0,5050,26,0,0,0,0,2.799563189,0.514749555
318,https://instagram.com/shuni_kaeun,2580,146539,338,1,0,493,34,2292,26,0,0,0.359631224,6.882591093
319,https://instagram.com/luckymizili,1637,308700,177,1,0,6948,86,24750,92,0,0,2.278587626,1.237588142
320,https://instagram.com/make_up_hy,4353,64522,772,1,0,135,1,1740,6,6792,4,0.210780819,0.735294118
321,https://instagram.com/0916_96,44,112301,92,1,0,1360,11,1393,12,0,0,1.220826173,0.808229243
322,https://instagram.com/kiehlskorea,1309,67928,38,1,1,322,35,1296,16,0,0,0.525556472,10.83591331
323,https://instagram.com/grace___u,1260,88046,182,1,0,781,21,19400,40,0,0,0.910887491,2.685421995
324,https://instagram.com/stephany.02.28_official_,442,133307,133,1,0,3223,12,14528,18,0,0,2.426729279,0.372208437
325,https://instagram.com/su_minvv,58,114536,163,1,0,9780,28,0,0,0,0,8.56324649,0.286269298
326,https://instagram.com/2toyoung,1326,64401,321,1,0,550,6,0,0,0,0,0.863340631,1.08892922
327,https://instagram.com/doublee_lee,3755,33560,2596,1,0,455,42,39750,206,0,0,1.480929678,9.210526316
328,https://instagram.com/ih_dressroom,3645,243460,463,1,0,1536,50,0,0,0,0,0.651441715,3.253090436
329,https://instagram.com/0323_becky,342,276295,241,1,0,2876,98,11800,84,0,0,1.076385747,3.406326034
330,https://instagram.com/drjart_kr,629,164410,15,1,1,675,23,6972,110,0,0,0.424548385,3.402366864
331,https://instagram.com/raonjenanim,1448,92899,7208,1,0,539,13,0,0,0,0,0.594193694,2.407407407
332,https://instagram.com/kindabaeey/,88,71664,252,1,0,0,0,0,0,0,0,0,0
333,https://instagram.com/emmachoi__,828,62301,623,1,0,401,6,630,2,0,0,0.653280044,1.492537313
334,https://instagram.com/belle_leah,5428,57377,631,1,0,206,16,0,0,0,0,0.386914617,7.729468599
335,https://instagram.com/hyo_1013,1234,185164,811,1,0,3280,36,79500,117,6343,3,1.790844873,1.097226455
336,https://instagram.com/jung_eunhye__,612,115363,472,1,0,708,3,80484,19,0,0,0.616315456,0.423131171
337,https://instagram.com/kingo1398,1884,133402,115,1,0,2437,216,31360,146,0,0,1.988725806,8.859721083
338,https://instagram.com/ksukyoung,2091,154487,7131,1,0,897,40,0,0,0,0,0.606523526,4.454342984
339,https://instagram.com/sat7800,1162,44384,327,1,0,144,8,1554,0,0,0,0.342465753,5.517241379
340,https://instagram.com/by_gelato_factory,989,55731,14,1,0,312,5,1971,11,0,0,0.568803718,1.597444089
341,https://instagram.com/juyeon___2,920,38011,362,1,0,972,19,0,0,0,0,2.607140038,1.952723535
342,https://instagram.com/babykumsung,379,232329,160,1,0,6547,104,3229,13,0,0,2.862750668,1.588271228
343,https://instagram.com/gkruddll,186,93015,540,1,0,5767,27,20100,7,0,0,6.229102833,0.468099861
344,https://instagram.com/l3xng,558,88006,378,1,0,1776,18,0,0,0,0,2.038497375,1.012943163
345,https://instagram.com/angy__unni,2092,63260,394,1,1,671,77,9488,79,6390,30,1.182421752,11.45833333
347,https://instagram.com/iwomansense,3732,107085,32,1,1,99,1,216,2,0,0,0.093383761,1
348,https://instagram.com/bushcherry1,1392,118133,7102,1,0,833,341,0,0,0,0,0.993795129,40.88729017
349,https://instagram.com/mj.oo0,2044,80816,459,1,0,272,4,1510,8,0,0,0.341516531,1.465201465
350,https://instagram.com/gwooxin,97,33739,0,1,0,2675,30,0,0,0,0,8.017427902,1.121076233
351,https://instagram.com/glee_makeup,214,54661,447,1,0,1303,27,6773,20,0,0,2.433179049,2.070552147
352,https://instagram.com/haeny_gram,402,72525,660,1,0,2382,40,14500,57,0,0,3.33953809,1.678556441
353,https://instagram.com/huxley_korea,594,101519,9,1,1,1296,20,0,0,0,0,1.296309065,1.542020046
354,https://instagram.com/kwakjungeun_laavanya/,4778,72463,4,1,0,1298,26,8509,14,0,0,1.827139368,2.001539646
355,https://instagram.com/y_ar1492,456,92297,220,1,0,2792,23,0,0,0,0,3.049936618,0.82348729
356,https://instagram.com/yoonjae_1130,67,37220,484,1,0,4151,36,0,0,0,0,11.24932832,0.867052023
357,https://instagram.com/2.bin,456,95828,474,1,0,1232,13,16500,26,0,0,1.299202738,1.054339011
358,https://instagram.com/1208_sj,2033,54150,314,1,0,536,9,1395,6,0,0,1.006463527,1.675977654
359,https://instagram.com/___kim_0,1211,41605,1163,1,0,1007,10,0,0,0,0,2.444417738,0.992063492
360,https://instagram.com/hwangjungmin_,246,68379,243,1,0,2664,15,30341,47,0,0,3.917869521,0.562851782
361,https://instagram.com/young_in1368,95,71337,58,1,0,2082,13,0,0,0,0,2.936764933,0.624099856
362,https://instagram.com/zum_3_,2026,166450,476,1,1,746,29,2352,19,0,0,0.465605287,3.882195448
363,https://instagram.com/1_ran.thanx,189,142903,179,1,0,8006,28,0,0,0,0,5.621995339,0.349694018
364,https://instagram.com/_inblair,3562,61816,578,1,0,134,3,0,0,5428,3,0.221625469,2.222222222
365,https://instagram.com/dn_wls,211,27717,98,1,0,1387,5,0,0,0,0,5.022188549,0.360230548
366,https://instagram.com/taczo_market,2346,28685,2,1,0,192,28,6284,26,0,0,0.766951368,14.50777202
367,https://instagram.com/peizhangwo,890,125984,228,1,0,3487,36,0,0,0,0,2.796386843,1.032110092
368,https://instagram.com/luv_momo.ys,2442,32645,6359,1,0,191,11,0,0,0,0,0.618777761,5.729166667
369,https://instagram.com/dj_liid_,307,81784,499,1,0,1959,8,3204,3,0,0,2.405115915,0.408163265
370,https://instagram.com/minjichu_,2032,86565,307,1,0,826,12,0,0,0,0,0.968058684,1.451027811
371,https://instagram.com/wsen_jinhee,6774,33363,555,1,0,132,13,0,0,0,0,0.434613194,9.77443609
372,https://instagram.com/song_rina,2041,49870,731,1,0,217,17,0,0,0,0,0.469219972,7.798165138
373,https://instagram.com/realch,3727,48942,445,1,0,296,9,8026,44,0,0,0.623186629,3.03030303
374,https://instagram.com/ha_seobin,3051,115208,853,1,0,957,20,3762,5,0,0,0.848031387,2.087682672
375,https://instagram.com/chowo_n,534,90249,374,1,0,705,6,6648,6,0,0,0.787820364,0.849858357
376,https://instagram.com/_parkha,2318,82519,521,1,0,263,10,3242,11,0,0,0.330832899,3.787878788
377,https://instagram.com/dr.g_official,1139,40286,1,1,0,230,9,1572,30,0,0,0.593258204,3.896103896
378,https://instagram.com/sakinanba,6737,149041,674,1,1,1668,12,14900,5,0,0,1.127206608,0.718993409
379,https://instagram.com/feelyujin,2335,172526,273,1,0,1301,33,12600,38,0,0,0.773216791,2.534562212
380,https://instagram.com/dd9987_,652,98168,702,1,0,1133,13,2435,2,0,0,1.167386521,1.14638448
381,https://instagram.com/joohea8,511,67251,3576,1,0,555,17,0,0,0,0,0.850544973,3.057553957
382,https://instagram.com/jjjin.young,712,30738,125,1,0,246,18,2388,16,0,0,0.858871755,7.287449393
383,https://instagram.com/lovelehee,1213,225430,213,1,0,5833,89,22125,134,0,0,2.62697955,1.525539938
384,https://instagram.com/hol_ddong,757,41095,369,1,0,1752,13,11317,6,0,0,4.29492639,0.741585853
385,https://instagram.com/ellelynna,2540,91372,1703,1,0,530,5,0,0,1922,2,0.58551854,0.941619586
386,https://instagram.com/b_d.ijin,1189,112514,298,1,0,1306,7,19610,12,0,0,1.166965889,0.535577659
387,https://instagram.com/kkimhayoung,6240,64978,1104,1,0,1904,26,10400,20,0,0,2.97023608,1.364829396
388,https://instagram.com/abbielee7,1467,91028,590,1,0,970,21,1682,11,0,0,1.088676012,2.162718847
389,https://instagram.com/kiu_design_,1131,114148,534,1,0,4270,37,35720,58,0,0,3.773171672,0.866307656
390,https://instagram.com/by_ladymimi,10517,46063,396,1,0,273,19,0,0,0,0,0.633914422,6.934306569
391,https://instagram.com/mjkim0108,2232,25741,562,1,0,748,31,4013,11,0,0,3.026300455,4.138851802
392,https://instagram.com/shu__________,640,158690,687,1,0,1927,57,5525,35,0,0,1.25023631,2.956431535
393,https://instagram.com/leeseeraa,2228,74659,128,1,0,558,3,2056,4,1581,2,0.75141644,0.53667263
394,https://instagram.com/hxnjxwxn,689,88098,273,1,0,524,8,0,0,0,0,0.60387296,1.523809524
395,https://instagram.com/kangnajj,888,63220,280,1,0,674,28,8328,9,0,0,1.110408099,4.148148148
396,https://instagram.com/1992.12.11,1422,31433,427,1,0,1280,38,0,0,0,0,4.193045525,2.966432475
397,https://instagram.com/nara_crush,97,29332,141,1,0,2574,24,11318,22,0,0,8.857220783,0.932038835
398,https://instagram.com/hwangbarbie,1933,201492,133,1,0,748,27,9189,18,1789,6,0.384630655,3.604806409
399,https://instagram.com/jooyeonking,1382,65270,515,1,0,237,2,2314,1,0,0,0.366171288,0.840336134
400,https://instagram.com/_eun.me,196,28871,175,1,0,933,402,15200,9,0,0,4.62401718,43.04068522
401,https://instagram.com/i.am.mell,263,59903,30,1,1,1523,32,13900,69,0,0,2.595863312,2.099737533
402,https://instagram.com/kkangsara,1557,86366,6635,1,0,150,5,0,0,0,0,0.179468772,3.311258278
403,https://instagram.com/pila_nyong,623,122292,499,1,0,3013,113,147000,171,43800,115,2.556177019,3.749170537
404,https://instagram.com/chaae.rin,1017,132123,376,1,0,616,24,0,0,0,0,0.484397115,3.889789303
405,https://instagram.com/baeg_,933,53682,222,1,0,503,7,0,0,0,0,0.950039119,1.388888889
406,https://instagram.com/miuforyou,298,154485,1,1,0,3169,14,20431,12,0,0,2.060394213,0.441640379
407,https://instagram.com/luv_mintminty,718,266383,91,1,0,5276,60,181333,76,0,0,2.00313083,1.137009665
408,https://instagram.com/diana_park0116,1637,60342,189,1,0,422,21,8030,19,0,0,0.734148686,4.964539007
409,https://instagram.com/wsj007,1303,97965,113,1,0,0,0,40513,76,0,0,0,0
410,https://instagram.com/choonran,814,44204,551,1,0,1024,19,25467,15,0,0,2.359514976,1.853658537
411,https://instagram.com/__ssong2__,441,48002,254,1,0,888,41,6472,12,6991,34,1.935336028,4.61192351
412,https://instagram.com/by_malla,2055,27859,5482,1,0,1026,8,0,0,0,0,3.711547435,0.778967868
413,https://instagram.com/shinae.lee,417,23912,334,1,0,641,13,0,0,0,0,2.735028438,2.024922118
414,https://instagram.com/bbangmi.a,1848,31473,176,1,0,420,41,3209,17,0,0,1.464747561,9.73871734
415,https://instagram.com/eaum0801,2466,117521,6966,1,0,1036,48,0,0,0,0,0.922388339,4.628736741
417,https://instagram.com/gnal_nail,1701,64113,191,1,0,871,10,5749,13,0,0,1.374136291,1.146788991
418,https://instagram.com/k_ming97,156,147145,275,1,0,3109,46,0,0,0,0,2.144143532,1.479099678
419,https://instagram.com/cherie_flavor,1596,79286,298,1,0,750,9,0,0,0,0,0.957293848,1.19840213
420,https://instagram.com/zin_uk,74,60175,177,1,0,1134,35,640,29,0,0,1.942667221,3.083700441
421,https://instagram.com/heurim.03.08,42,51349,1242,1,0,1391,14,0,0,0,0,2.73617792,1.005747126
422,https://instagram.com/milladiary,2556,36877,290,1,0,482,13,0,0,8176,0,1.342300079,2.691511387
423,https://instagram.com/model.yca,604,164593,562,1,0,313,6,0,0,0,0,0.193811401,1.910828025
424,https://instagram.com/__luv_j,680,19829,251,1,0,752,40,0,0,0,0,3.994149982,5.312084993
425,https://instagram.com/he.le.n._,626,125382,764,1,0,1625,27,4320,12,0,0,1.317573495,1.660516605
426,https://instagram.com/154kg,4704,40403,236,1,0,1036,26,15450,20,18100,39,2.628517684,2.507232401
427,https://instagram.com/from_dami,996,139724,190,1,0,931,64,4826,58,0,0,0.712118176,6.86695279
428,https://instagram.com/ellie_jye,1880,100759,7190,1,0,1063,45,0,0,0,0,1.099653629,4.229323308
429,https://instagram.com/lejour_official,1499,26395,850,1,0,195,12,2550,37,0,0,0.784239439,6.12244898
431,https://instagram.com/dawoonyyy,675,66632,381,1,0,2453,33,13489,5,13100,12,3.730940089,1.344743276
432,https://instagram.com/ye_____vely,114,62729,212,1,0,805,9,0,0,0,0,1.297645427,1.11662531
433,https://instagram.com/jeon.han_na,4657,109358,7418,1,0,725,22,0,0,0,0,0.683077598,3.03030303
434,https://instagram.com/shuniibeauty,656,68075,226,1,0,3039,16,0,0,0,0,4.487697393,0.526315789
435,https://instagram.com/suno_photo82,434,172707,113,1,0,1504,40,0,0,0,0,0.893999664,2.657807309
436,https://instagram.com/ssuly.ssul,281,49858,20,1,0,1669,42,5413,18,0,0,3.431746159,2.51497006
437,https://instagram.com/ujmoo_,638,113711,177,1,0,1542,24,9581,20,0,0,1.377175471,1.555411536
438,https://instagram.com/april.haru,1569,30005,8,1,0,896,6,0,0,0,0,3.006165639,0.668896321
439,https://instagram.com/hyunsuk_goby,399,51127,190,1,0,0,0,13583,8,21080,15,0,0
440,https://instagram.com/yoomstagramm_,454,176795,562,1,0,2047,84,0,0,0,0,1.20535083,4.1015625
441,https://instagram.com/shiny_jin_30,1732,23344,6450,1,0,765,73,1776,62,0,0,3.589787526,9.53002611
442,https://instagram.com/bombom_w/,4426,23430,1973,1,0,326,2,0,0,0,0,1.399914639,0.611620795
444,https://instagram.com/kimssang83,43,31480,400,1,1,1672,58,0,0,0,0,5.495527,3.468899
445,https://instagram.com/sera0217,2334,158860,343,1,1,937,24,0,0,0,0,0.604935163,2.558635394
446,https://instagram.com/sweetyserim,2393,124684,908,1,0,728,17,0,0,0,0,0.597510507,2.331961591
447,https://instagram.com/ohmyseon,465,103088,373,1,0,681,16,0,0,0,0,0.676121372,2.346041056
448,https://instagram.com/collour,1619,28217,884,1,0,170,5,409,2,0,0,0.6201935,2.923976608
449,https://instagram.com/jnnn2,1798,86559,260,1,0,533,25,8180,27,0,0,0.644647004,4.68164794
450,https://instagram.com/ssol_ee,678,161708,126,1,0,2449,32,28750,34,0,0,1.534246914,1.306122449
451,https://instagram.com/umji0714,624,149071,496,1,0,1156,57,1940,45,0,0,0.813706221,4.92653414
452,https://instagram.com/ringhee,1373,119336,560,1,1,1511,43,4467,19,3351,26,1.302205537,2.843915344
453,https://instagram.com/jessica_kimkayeon,1175,47320,400,1,1,969,17,11596,14,0,0,2.083685545,1.75257732
454,https://instagram.com/goldpandang_/,204,32861,55,1,0,230,4,0,0,0,0,0.71209032,1.731601732
455,https://instagram.com/lo9ve8r01s,232,140873,93,1,0,3278,53,18850,38,0,0,2.364541111,1.616346447
456,https://instagram.com/hermia24,1790,46401,441,1,0,571,17,0,0,0,0,1.267214069,2.972027972
457,https://instagram.com/aya__m02,578,189539,610,1,1,26129,172,101000,155,0,0,13.87629986,0.658247225
458,https://instagram.com/jiwon.loves,2505,42686,1237,1,0,1506,3,1925,2,0,0,3.5351169,0.199071002
459,https://instagram.com/chul2gram,1412,95602,950,1,0,680,18,0,0,0,0,0.730110249,2.643171806
460,https://instagram.com/oh_dya,691,50764,822,1,0,924,20,1424,16,0,0,1.859585533,2.162162162
461,https://instagram.com/hhyun_ha,133,124107,258,1,0,1706,68,0,0,0,0,1.429411717,3.983596954
462,https://instagram.com/hellojiyoungs,243,19291,100,1,0,1573,9,8409,10,0,0,8.200715359,0.571791614
463,https://instagram.com/diiin.d,107,98125,469,1,0,959,12,0,0,0,0,0.98955414,1.25
464,https://instagram.com/jj.529529,412,62999,198,1,0,1156,11,0,0,0,0,1.852410356,0.950734659
465,https://instagram.com/chaeeun_eunchae,980,179635,185,1,0,1521,19,0,0,0,0,0.857293957,1.248357424
466,https://instagram.com/bad_seonghye,8162,163942,390,1,0,1327,72,9236,108,959,26,0.853350575,5.421686747
467,https://instagram.com/petite_bird_,1380,34686,250,1,0,251,19,0,0,0,0,0.778412039,7.53968254
468,https://instagram.com/parksojeong__,3254,31161,309,1,0,287,4,481,9,0,0,0.933859632,1.388888889
469,https://instagram.com/huya_bros,2194,56287,310,1,0,967,13,687,0,0,0,1.74107698,1.342975207
470,https://instagram.com/dasom_lovely,408,179427,64,1,0,3195,78,98300,163,0,0,1.82414018,2.440550688
471,https://instagram.com/ezpzlemonsqzy_,159,56518,1042,1,0,9544,146,14147,135,0,0,17.14498036,1.529596647
472,https://instagram.com/mua_kyungst,434,22654,387,1,0,582,20,0,0,28829,32,2.657367352,3.430531732
473,https://instagram.com/so_osj,492,76598,176,1,0,592,11,2015,8,0,0,0.787226821,1.854974705
474,https://instagram.com/damnii_,2303,46348,650,1,0,260,19,4604,9,0,0,0.601967722,7.279693487
475,https://instagram.com/ch00_hj03,297,156527,798,1,0,1335,20,0,0,0,0,0.865665348,1.497005988
476,https://instagram.com/matiere_0,2556,117207,427,1,0,1274,44,4069,111,0,0,1.124506215,3.450980392
477,https://instagram.com/l.su_jung,2322,149050,193,1,0,1190,43,2063,46,0,0,0.827239181,3.610411419
478,https://instagram.com/gnal_yurim,1263,56315,146,1,0,927,7,12100,7,0,0,1.658527923,0.754310345
479,https://instagram.com/yelilly,3858,59119,601,1,0,296,11,893,0,0,0,0.519291598,3.703703704
480,https://instagram.com/59.5994,145,107684,32,1,0,3339,39,0,0,0,0,3.136956279,1.167664671
481,https://instagram.com/solavlyy,5250,42086,618,1,0,69,5,0,0,0,0,0.175830442,7.142857143
482,https://instagram.com/songda_,344,49012,498,1,0,576,27,3305,27,0,0,1.230310944,4.679376083
483,https://instagram.com/oxemmay,193,13163,1433,1,0,869,79,2621,89,0,0,7.202005622,9.08045977
484,https://instagram.com/ming._.p,347,37227,105,1,0,246,2,0,0,0,0,0.666183147,0.809716599
485,https://instagram.com/code_name_junna,101,62763,287,1,0,4108,26,0,0,0,0,6.586683237,0.632757362
486,https://instagram.com/good.vibes.soap,1066,61469,603,1,0,764,5,0,0,0,0,1.251037108,0.653594771
487,https://instagram.com/taera_mxox,423,49859,306,1,0,1003,7,541,4,0,0,2.025712509,0.697211155
488,https://instagram.com/about_reum,3366,26972,375,1,0,267,12,3561,16,0,0,1.034406051,4.47761194
489,https://instagram.com/k_sh93,994,112389,127,1,1,1246,83,2652,52,0,0,1.182500067,6.655974338
490,https://instagram.com/kylie_n_bright,411,30503,546,1,0,881,9,0,0,0,0,2.917745795,1.020408163
491,https://instagram.com/eclado.hero,907,28572,5652,1,0,341,6,504,1,0,0,1.21447571,1.754385965
492,https://instagram.com/thejnana,6303,26967,1342,1,0,219,6,0,0,0,0,0.834353098,2.727272727
493,https://instagram.com/bopianomagic,580,46264,325,1,0,1966,56,14377,84,15582,94,4.370568909,2.846975089
494,https://instagram.com/lovelywinkle,816,101873,787,1,0,852,7,654,3,0,0,0.843206738,0.82063306
495,https://instagram.com/hongparksa,10970,30064,713,1,0,193,3,2492,3,1028,4,0.651942523,1.546391753
496,https://instagram.com/bo.jeong,178,96409,100,1,0,698,14,0,0,0,0,0.738520263,2.00286123
497,https://instagram.com/jjaeris,3751,57740,290,1,0,229,8,0,0,5135,6,0.410460686,3.47826087
498,https://instagram.com/_amour_j,3395,18733,1490,1,0,130,7,0,0,0,0,0.731329739,5.34351145
499,https://instagram.com/ggap1214,3180,84979,2538,1,0,852,16,0,0,0,0,1.021428824,1.875732708
500,https://instagram.com/396jiyoon,512,74297,177,1,0,1001,10,12900,16,0,0,1.360754808,0.998003992
501,https://instagram.com/marieansu,829,103659,350,1,0,975,63,0,0,0,0,1.001360229,6.454918033
502,https://instagram.com/yuif.yongha/,1049,52982,196,1,0,378,0,11294,3,0,0,0.713449851,0
503,https://instagram.com/somsomvely,1214,222059,822,1,0,1926,86,0,0,0,0,0.906065505,4.462895693
504,https://instagram.com/dddeony,708,69837,183,1,0,6851,28,79550,28,0,0,9.850079471,0.408639813
505,https://instagram.com/nungo._.m,311,34444,171,1,0,689,13,0,0,0,0,2.038090814,1.884057971
506,https://instagram.com/spider_0801,130,11044,7243,1,0,1474,115,0,0,0,0,14.38790293,7.796610169
507,https://instagram.com/yehui_kim,218,43927,447,1,0,705,8,0,0,0,0,1.623147495,1.133144476
508,https://instagram.com/luvmabin,2812,56339,142,1,0,791,23,0,0,0,0,1.444825077,2.904040404
509,https://instagram.com/luvle_j,118,39657,35,1,0,859,28,5412,25,0,0,2.236679527,3.255813953
510,https://instagram.com/eunyoung__jj,1214,27213,412,1,0,567,68,13650,57,0,0,2.333443575,11.97183099
511,https://instagram.com/__ybom_,266,5126,163,1,0,449,26,0,0,0,0,9.266484588,5.777777778
512,https://instagram.com/17_06_03_,827,37964,80,1,0,900,3,24800,16,0,0,2.378569171,0.332963374
513,https://instagram.com/especialbk,2786,14526,940,1,0,563,9,0,0,0,0,3.937766763,1.595744681
514,https://instagram.com/blanc_101,651,18042,578,1,0,616,68,0,0,0,0,3.791153974,11.02106969
515,https://instagram.com/girl_from_town,548,58170,1792,1,0,705,65,0,0,0,0,1.323706378,9.206798867
516,https://instagram.com/_in_young,3312,68982,153,1,0,211,12,4851,34,0,0,0.323272738,5.660377358
517,https://instagram.com/black_mhk,2447,110869,7063,1,0,759,25,741,14,0,0,0.70714086,3.289473684
518,https://instagram.com/rikunim,2601,102185,5419,1,0,806,54,1595,51,0,0,0.841610804,6.691449814
519,https://instagram.com/mercirei,4686,48933,985,1,0,284,21,7375,45,0,0,0.623301249,7.368421053
520,https://instagram.com/twinkle_leeyeonhui,2075,152635,6524,1,0,1165,30,0,0,0,0,0.782913486,2.572898799
521,https://instagram.com/seoa_feela,320,40598,297,1,0,1058,65,6735,72,0,0,2.766146116,6.137865911
522,https://instagram.com/seungsse2,275,92995,227,1,0,5382,62,0,0,45600,128,5.854078176,1.151774104
523,https://instagram.com/gjjye.__.s,149,14025,6896,1,0,1068,33,1344,37,0,0,7.85026738,3.086997194
524,https://instagram.com/jungeun_julia_kim,3927,53030,5602,1,0,345,9,0,0,0,0,0.667546672,2.601156069
525,https://instagram.com/naming.cosmetic,515,32072,1,1,0,514,3,5502,5,0,0,1.611998004,0.582524272
526,https://instagram.com/01minji_baek,495,71962,76,1,0,3043,31,0,0,0,0,4.271698952,1.018396846
527,https://instagram.com/sso_pharm,1670,43942,511,1,0,169,31,566,27,0,0,0.455145419,18.23529412
528,https://instagram.com/ryokoko___,5717,30166,138,1,0,709,24,0,0,0,0,2.429887953,3.38028169
529,https://instagram.com/minsuu_,656,77934,355,1,0,972,13,5690,4,0,0,1.263889958,1.336073998
530,https://instagram.com/cherishxk_,381,55459,899,1,0,1044,22,0,0,0,0,1.922140681,2.105263158
531,https://instagram.com/jinhajin7,993,90402,711,1,0,841,33,0,0,0,0,0.96679277,3.919239905
532,https://instagram.com/motd_sudal,1386,48585,440,1,0,279,6,7039,6,7951,15,0.586600803,2.142857143
533,https://instagram.com/c._.miiii,278,4431,436,1,0,714,7,0,0,0,0,16.27172196,0.979020979
534,https://instagram.com/0128_rrr,541,77990,670,1,0,109,2,0,0,0,0,0.142325939,1.818181818
535,https://instagram.com/dalrae.jin,712,65183,402,1,1,1760,52,5408,31,0,0,2.779865916,2.952867689
536,https://instagram.com/ruru160616,1085,18943,6150,1,0,969,5,999,11,0,0,5.141741013,0.515463918
537,https://instagram.com/yesbee92,1476,103579,287,1,0,522,22,1168,26,0,0,0.525202985,4.206500956
538,https://instagram.com/kwakjihee,3468,54676,538,1,0,443,17,0,0,0,0,0.841319775,3.828828829
539,https://instagram.com/e_s.e.in_,242,53951,214,1,0,1332,17,30900,18,0,0,2.500417045,1.27531883
540,https://instagram.com/parkinjin,580,62152,2922,1,0,269,24,2156,12,0,0,0.471424894,8.888888889
541,https://instagram.com/davinluv,282,141294,196,1,0,2732,78,4857,58,0,0,1.988761023,2.854006586
542,https://instagram.com/2mingbg,1057,110916,764,1,0,1279,35,0,0,0,0,1.184680299,2.734375
543,https://instagram.com/shillaipark,781,67043,0,1,1,854,164,5708,76,0,0,1.518428471,19.18128655
544,https://instagram.com/helstagram__s2,724,126697,375,1,0,1087,13,0,0,0,0,0.868213138,1.194852941
545,https://instagram.com/the.ariel,532,41172,211,1,0,280,22,0,0,0,0,0.733508209,7.829181495
546,https://instagram.com/1evely1,3401,36924,786,1,0,206,9,2157,4,0,0,0.58227711,4.347826087
547,https://instagram.com/ssong.unni,5171,33556,424,1,0,209,6,3451,8,0,0,0.64071999,2.857142857
548,https://instagram.com/l___c___r,969,80083,108,1,0,594,7,0,0,0,0,0.750471386,1.176470588
549,https://instagram.com/model_sera,2634,169452,463,1,1,1008,48,2843,66,0,0,0.623185327,4.757185332
550,https://instagram.com/yessii__11,606,105398,235,1,0,3525,120,26400,106,0,0,3.458319892,3.403289847
551,https://instagram.com/min_young777,1778,114995,645,1,0,411,14,1692,27,0,0,0.369581286,3.398058252
552,https://instagram.com/exhyun,623,74431,466,1,0,1461,39,0,0,0,0,2.015289328,2.667578659
553,https://instagram.com/haeleun,1197,111481,461,1,0,1355,28,1418,25,0,0,1.240570142,2.064896755
554,https://instagram.com/equal_diamond,1286,24095,32,1,0,1104,6,3116,6,0,0,4.606764889,0.542986425
555,https://instagram.com/vurmuse,1256,55594,646,1,0,299,12,0,0,0,0,0.559412886,4
556,https://instagram.com/marozzang_cats,13048,77849,1074,1,0,751,10,1870,6,0,0,0.97753343,1.329787234
557,https://instagram.com/star__hee,1092,77554,103,1,0,283,13,0,0,3867,7,0.381669546,4.577464789
558,https://instagram.com/pinkparfait0530,2175,23985,537,1,0,243,11,0,0,0,0,1.058995205,4.508196721
559,https://instagram.com/a.pply,304,35296,97,1,0,815,15,485,5,0,0,2.351541251,1.838235294
560,https://instagram.com/eunseo_lee,2679,153428,5746,1,0,1029,45,0,0,0,0,0.700002607,4.368932039
561,https://instagram.com/cchokkong,1944,50643,6389,1,0,662,13,0,0,0,0,1.332859428,1.960784314
562,https://instagram.com/si_so_m,737,18822,5683,1,0,222,5,0,0,0,0,1.20603549,2.242152466
563,https://instagram.com/inrong2,1585,136842,383,1,0,1386,56,1960,45,0,0,1.053770041,4.037490988
564,https://instagram.com/sae.byul,1354,37054,1267,1,0,603,27,0,0,0,0,1.700221299,4.470198675
565,https://instagram.com/mercibody,5838,143740,53,1,0,924,9,5531,3,0,0,0.649088632,0.972972973
566,https://instagram.com/luv_me_baby_,1779,38205,824,1,0,189,5,1689,3,0,0,0.507786939,2.631578947
567,https://instagram.com/sweetjiana,447,41489,946,1,0,402,28,1052,42,0,0,1.036419292,6.947890819
568,https://instagram.com/jung_beom_park,1393,79217,363,1,0,2247,84,9448,123,0,0,2.94255021,3.736654804
569,https://instagram.com/haenimini,655,39764,793,1,0,175,2,1161,1,0,0,0.445126245,1.136363636
570,https://instagram.com/guindero,717,142662,285,1,0,3720,55,0,0,0,0,2.646114593,1.478097286
571,https://instagram.com/sein_xx,2901,31464,378,1,0,133,9,1226,16,0,0,0.451309433,6.71641791
572,https://instagram.com/ming_9li,1623,44738,5147,1,0,1014,9,0,0,0,0,2.286646699,0.886699507
573,https://instagram.com/mable_xo,1261,23667,5799,1,0,647,36,0,0,0,0,2.885874847,5.555555556
574,https://instagram.com/juheestory,277,40576,263,1,1,1130,63,3293,41,0,0,2.940161672,5.570291777
575,https://instagram.com/sweet_emily9,2591,101998,5691,1,0,969,52,0,0,0,0,1.00100002,5.360824742
576,https://instagram.com/yooeep,405,27661,291,1,0,1772,22,13900,11,0,0,6.485665739,1.240834743
577,https://instagram.com/su.rystal,495,35231,307,1,0,802,13,6292,21,0,0,2.313303625,1.618929016
578,https://instagram.com/_coralhyang_,512,46197,745,1,0,1109,24,0,0,0,0,2.452540208,2.162162162
579,https://instagram.com/soobeanie_,414,46133,345,1,0,2760,27,0,0,0,0,6.041228622,0.977906556
580,https://instagram.com/gien_issei,1343,75548,1832,1,0,2135,4,55267,7,0,0,2.831312543,0.187265918
581,https://instagram.com/tv_crystal,1179,38179,1567,1,0,443,51,3693,41,10600,35,1.293905026,11.48648649
582,https://instagram.com/_____e.j,2644,106221,5619,1,0,367,24,1031,8,0,0,0.36810047,6.52173913
583,https://instagram.com/fromjosee,1990,31236,384,1,0,241,6,0,0,0,0,0.790754258,2.479338843
584,https://instagram.com/yyyyyyyyooo1,984,122452,2366,1,0,1234,27,4920,12,0,0,1.029791265,2.186234818
585,https://instagram.com/le__won,335,6387,298,1,0,200,4,61,0,0,0,3.193987788,1.990049751
586,https://instagram.com/skingymco,713,61386,338,1,0,2434,136,1841,4,3188,6,4.186622357,5.585215606
587,https://instagram.com/sozonii,276,35758,383,1,0,645,33,0,0,0,0,1.896079199,5.108359133
588,https://instagram.com/sieun91yu,4872,42233,2502,1,0,1161,6,4578,2,0,0,2.763242015,0.516351119
589,https://instagram.com/_2.seul,362,11786,527,1,0,721,77,0,0,0,0,6.770744952,10.66481994
590,https://instagram.com/didi_mamma,1806,65944,3983,1,0,520,12,0,0,0,0,0.806745117,2.303262956
591,https://instagram.com/_ciel_0,74,134545,148,1,0,22698,332,0,0,0,0,17.11694972,1.462619499
592,https://instagram.com/moiet_moiet,227,13856,3615,1,0,118,4,254,2,0,0,0.880484988,3.361344538
593,https://instagram.com/mermaidviviv,1059,186428,61,1,0,2523,40,26508,64,0,0,1.374793486,1.584786054
594,https://instagram.com/olson2da,4148,84972,724,1,0,678,43,2085,14,0,0,0.848514805,6.332842415
595,https://instagram.com/we__97,111,150082,144,1,0,12985,91,0,0,0,0,8.712570461,0.700754659
596,https://instagram.com/joyful_youngeun,1976,20547,783,1,0,200,39,6796,22,5129,24,1.16318684,19.40298507
597,https://instagram.com/ddunmee,1696,35394,506,1,0,308,36,5544,33,0,0,0.971916144,11.65048544
598,https://instagram.com/young.story,1279,94292,404,1,0,3061,20,43116,12,0,0,3.267509439,0.653167864
599,https://instagram.com/uhu_sy,88,18819,469,1,0,2433,54,0,0,0,0,13.21536745,2.218570255
600,https://instagram.com/jjvely_oo,405,120093,307,1,0,2209,53,0,0,0,0,1.883540256,2.398190045
601,https://instagram.com/soonseol,1452,18171,206,1,0,532,11,2906,12,0,0,2.988278025,2.063789869
602,https://instagram.com/minimechuu,1293,104525,2673,1,0,1041,4,2659,2,0,0,0.999760823,0.383877159
603,https://instagram.com/ikw0977,4456,42221,5532,1,0,255,6,4784,31,3112,4,0.618175789,2.34375
604,https://instagram.com/so2star1,3308,100985,566,1,0,481,43,10700,21,0,0,0.518888944,8.921161826
605,https://instagram.com/chaexju,393,36405,263,1,0,499,9,0,0,0,0,1.395412718,1.8
606,https://instagram.com/kimmi_stagram,1614,31943,367,1,0,298,5,0,0,0,0,0.948564631,1.672240803
607,https://instagram.com/w_alxx,45,4036,213,1,0,667,30,0,0,0,0,17.26957384,4.491017964
608,https://instagram.com/q.n.kk,782,53425,625,1,0,496,7,9263,6,0,0,0.941506785,1.408450704
609,https://instagram.com/jiinflower,287,86678,308,1,0,931,11,4983,3,0,0,1.086780959,1.180257511
610,https://instagram.com/woongrami,1931,35304,532,1,0,198,4,1111,0,0,0,0.572173125,2.010050251
611,https://instagram.com/njellsol1,1737,135191,7222,1,0,925,64,1259,73,0,0,0.731557574,6.911447084
612,https://instagram.com/srjhrang,1212,111185,7097,1,0,1059,32,5565,32,0,0,0.98124747,3.018867925
613,https://instagram.com/may.fleur,1893,57522,106,1,0,1886,32,19524,10,0,0,3.334376413,1.695813461
614,https://instagram.com/bootyjenny_,3925,78102,0,1,0,148,4,2252,4,0,0,0.194617295,2.684563758
615,https://instagram.com/99_0425,290,42635,463,1,0,341,5,0,0,0,0,0.811539815,1.461988304
616,https://instagram.com/wendychung,1720,63884,341,1,0,803,14,8175,10,18590,39,1.278880471,1.741293532
617,https://instagram.com/yoone2e,37,4287,485,1,0,1211,16,0,0,0,0,28.62141358,1.320132013
618,https://instagram.com/ddogibri,695,25348,4645,1,0,267,16,0,0,0,0,1.116458892,5.970149254
619,https://instagram.com/haye0n._.2,81,32153,431,1,0,2850,20,0,0,0,0,8.926072217,0.701508243
620,https://instagram.com/4.renzi,380,108956,178,1,0,3222,60,81050,80,0,0,3.012225118,1.861619609
621,https://instagram.com/hs_u,183,53775,124,1,0,715,13,0,0,0,0,1.353788935,1.815642458
622,https://instagram.com/yoolbellababy,801,112611,594,1,0,505,31,0,0,0,0,0.475974816,6.126482213
623,https://instagram.com/snow.bambi,604,50909,486,1,0,304,17,9588,77,0,0,0.63053684,5.573770492
624,https://instagram.com/luv__dool2,5208,20932,530,1,0,192,21,1672,4,0,0,1.017580738,10.88082902
625,https://instagram.com/dress_guru,2469,22624,399,1,0,202,6,2250,0,0,0,0.919377652,2.955665025
626,https://instagram.com/meteljia,1016,93649,387,1,0,469,21,589,21,0,0,0.52323036,4.468085106
627,https://instagram.com/hwan_nini,242,41018,673,1,0,2186,29,4594,32,0,0,5.400068263,1.326017375
628,https://instagram.com/zoah.u,327,5449,179,1,0,1805,19,0,0,0,0,33.47403193,1.052048726
629,https://instagram.com/seung_hun_0128,192,72974,162,1,0,7054,54,10623,43,0,0,9.740455505,0.7654146
630,https://instagram.com/o3ong,3096,32900,690,1,0,1510,31,43368,92,0,0,4.683890578,2.051621443
631,https://instagram.com/parkjuya,1684,68503,7349,1,0,291,10,2039,22,0,0,0.439396815,3.424657534
632,https://instagram.com/jeon_n_,147,45179,370,1,0,753,22,1685,11,0,0,1.715398747,2.917771883
633,https://instagram.com/ifyoudie92,237,41491,389,1,0,2264,28,4701,27,0,0,5.524089562,1.236203091
634,https://instagram.com/sexyhonga,1613,102223,6073,1,0,999,33,3246,41,0,0,1.009557536,3.3
635,https://instagram.com/dodo_chae.a,932,24144,59,1,0,104,5,0,0,0,0,0.451457919,4.761904762
636,https://instagram.com/inaheeme,2505,100384,523,1,0,347,12,1428,8,0,0,0.357626713,3.448275862
637,https://instagram.com/lady_minong,1429,41454,711,1,0,195,7,0,0,0,0,0.487287113,3.571428571
638,https://instagram.com/0203.20,42,17187,127,1,0,1461,22,0,0,0,0,8.628614651,1.504787962
639,https://instagram.com/a5udrey,249,27093,459,1,0,715,33,1130,14,0,0,2.760860739,4.608938547
640,https://instagram.com/yeahfur,5115,20998,925,1,0,104,9,0,0,0,0,0.53814649,8.571428571
641,https://instagram.com/kchuls,699,63048,7030,1,0,331,6,0,0,0,0,0.534513387,1.807228916
642,https://instagram.com/dongkyu4158,318,16969,660,1,0,171,2,5181,6,0,0,1.019506158,1.162790698
643,https://instagram.com/wilyalam,831,522834,447,1,0,9502,219,0,0,0,0,1.859289947,2.30453541
644,https://instagram.com/lee_sr420,2787,48594,211,1,0,1745,40,0,0,0,0,3.673292999,2.290950745
645,https://instagram.com/s2hyunnn,289,257929,263,1,0,4884,53,0,0,0,0,1.914092638,1.084953941
646,https://instagram.com/caansong,2585,16295,1437,1,0,649,56,0,0,0,0,4.326480515,8.615384615
647,https://instagram.com/_____jjh,299,268528,510,1,0,9817,267,0,0,0,0,3.755288089,2.719494805
648,https://instagram.com/yui_zzang_kang,1807,103745,367,1,0,316,7,0,0,0,0,0.311340306,2.208201893
649,https://instagram.com/_rosybrown,1831,29650,268,1,0,178,5,0,0,0,0,0.617200675,2.793296089
650,https://instagram.com/somevely,2095,40276,420,1,0,204,18,1129,8,0,0,0.551196742,8.780487805
651,https://instagram.com/bella__koo,1479,47509,1131,1,1,355,17,0,0,0,0,0.783009535,4.775280899
652,https://instagram.com/sung_min1999,115,25650,300,1,0,725,7,0,0,0,0,2.85380117,0.964187328
653,https://instagram.com/by_juha,1757,105198,626,1,0,259,18,0,0,0,0,0.263312991,6.923076923
654,https://instagram.com/terrorgirl12,969,20676,39,1,0,980,23,2525,17,0,0,4.851035016,2.344546381
655,https://instagram.com/v_yeon_,288,15195,329,1,0,977,6,533,4,0,0,6.4692333,0.613496933
656,https://instagram.com/joutique600,2478,32281,490,1,0,311,26,6200,36,0,0,1.043957746,8.333333333
657,https://instagram.com/isabelparkk,2127,25738,789,1,0,247,2,0,0,0,0,0.967441138,0.806451613
658,https://instagram.com/e__naa,482,49084,353,1,0,3556,85,71400,86,0,0,7.417895852,2.389654203
659,https://instagram.com/bora.own,859,60602,233,1,0,893,28,694,6,0,0,1.519751823,3.131991051
660,https://instagram.com/4ranghj,76,29547,221,1,0,910,32,0,0,3327,12,3.188140928,3.512623491
661,https://instagram.com/yezi_mong,1332,55332,468,1,0,589,8,0,0,0,0,1.078941661,1.355932203
662,https://instagram.com/heenim1116,332,48416,257,1,1,1029,41,5749,29,0,0,2.210013219,3.980582524
663,https://instagram.com/k_cw328,80,29684,561,1,0,644,15,0,0,0,0,2.220051206,2.325581395
664,https://instagram.com/mindol_l,1379,74862,357,1,0,759,12,0,0,0,0,1.029895007,1.578947368
665,https://instagram.com/o.rooose,2334,19773,253,1,0,370,18,0,0,0,0,1.962271785,4.851752022
666,https://instagram.com/nailthechaeum,10091,29514,3051,1,0,40,0,0,0,0,0,0.135528902,0
667,https://instagram.com/yu_ttogtti,975,56608,204,1,0,3315,22,0,0,0,0,5.894926512,0.66344994
668,https://instagram.com/hswj1221,2739,106325,5428,1,0,898,24,0,0,0,0,0.867152598,2.669632925
669,https://instagram.com/bel.la__,1760,27577,195,1,0,742,13,4317,12,0,0,2.737788737,1.749663526
670,https://instagram.com/yein1016,434,39835,360,1,1,1331,28,4013,24,0,0,3.411572738,2.102102102
671,https://instagram.com/hk_hmi_96,82,4391,2984,1,0,1235,29,0,0,0,0,28.7861535,2.346278317
672,https://instagram.com/zz__ia,191,14620,395,1,0,344,46,1414,58,0,0,2.667578659,13.33333333
673,https://instagram.com/happy._.ej,506,28080,299,1,0,2042,44,19500,55,0,0,7.428774929,2.153695546
674,https://instagram.com/in000000,756,48268,776,1,0,345,15,0,0,0,0,0.74583575,4.335260116
675,https://instagram.com/skinsos,1889,23582,622,1,0,322,28,3483,26,0,0,1.484182851,8.66873065
676,https://instagram.com/samchic.jangeunsam,1613,56676,187,1,0,783,13,6753,2,0,0,1.404474557,1.658163265
677,https://instagram.com/mikeysmakeup,377,118318,1354,1,0,5309,137,16448,111,8796,273,4.602849947,2.580037665
678,https://instagram.com/msgabbys,2446,56556,515,1,0,466,7,0,0,0,0,0.836339204,1.498929336
679,https://instagram.com/mariennemh,3470,41738,559,1,0,226,13,0,0,0,0,0.572619675,5.726872247
680,https://instagram.com/yeinssong,7354,59919,414,1,0,238,8,5733,12,0,0,0.410554248,3.347280335
681,https://instagram.com/oiooi303,78,74625,198,1,0,5936,59,6680,31,0,0,8.033500838,0.993767896
682,https://instagram.com/pyh0401,1114,90253,687,1,0,106,6,0,0,0,0,0.124095598,5.607476636
683,https://instagram.com/boracay_nana,2273,99465,187,1,0,462,27,0,0,0,0,0.491630222,5.831533477
684,https://instagram.com/luv_ssuji,1692,105536,7246,1,0,977,45,1756,42,0,0,0.968389933,4.601226994
685,https://instagram.com/soyou_park,1662,94916,289,1,1,422,29,582,38,0,0,0.475156981,6.855791962
686,https://instagram.com/chanoopy_,257,42442,539,1,0,941,23,649,2,0,0,2.271334998,2.441613588
687,https://instagram.com/mybong_s2,3422,24237,349,1,0,525,64,0,0,0,0,2.43016875,12.16730038
688,https://instagram.com/me._.r_you,127,36938,336,1,0,639,18,451,2,0,0,1.778656126,2.8125
689,https://instagram.com/yuta.oteki,1257,42035,206,1,0,802,1,5567,0,0,0,1.910312835,0.124533001
690,https://instagram.com/05_31_sj,105,12631,944,1,0,1666,32,0,0,0,0,13.44311614,1.919616077
691,https://instagram.com/mommanamu,1670,24153,217,1,0,189,9,803,4,0,0,0.819773941,4.736842105
692,https://instagram.com/chu_chu_chu_1228,4400,118919,7307,1,0,612,31,1368,33,0,0,0.540704177,5.057096248
693,https://instagram.com/sssoblyy,540,12585,3069,1,0,911,87,0,0,0,0,7.930075487,9.539473684
694,https://instagram.com/0o_____zo0,51,4269,396,1,0,1101,62,0,0,0,0,27.24291403,5.626134301
695,https://instagram.com/twins_roa_robin,2405,22862,1576,1,0,328,20,3314,24,0,0,1.522176537,6.079027356
696,https://instagram.com/body_ming,82,28138,459,1,0,478,16,7374,32,0,0,1.755632952,3.340292276
697,https://instagram.com/aranenglish,2510,19968,966,1,0,464,28,0,0,1309,2,2.463942308,6.021505376
698,https://instagram.com/___winniewu___,1273,100611,653,1,1,4599,40,14750,68,10200,32,4.610827842,0.869565217
699,https://instagram.com/hasunghuns,101,32440,248,1,0,3468,46,0,0,0,0,10.8323058,1.326030556
700,https://instagram.com/jiyom09,2785,16274,976,1,0,107,8,1096,6,0,0,0.706648642,7.407407407
701,https://instagram.com/miqinddawoon,3341,61410,1036,1,0,1167,23,0,0,0,0,1.937795147,1.969178082
702,https://instagram.com/semi09,1244,19607,70,1,0,405,10,0,0,0,0,2.116591013,2.463054187
703,https://instagram.com/k.narae_,4646,54895,298,1,0,322,3,0,0,0,0,0.592039348,0.92879257
704,https://instagram.com/sun_zuni,1625,91112,4863,1,0,420,2,0,0,0,0,0.463166213,0.475059382
705,https://instagram.com/y__silri,49,5658,3619,1,0,1044,149,0,0,0,0,21.08518911,14.25837321
706,https://instagram.com/heejung2918,643,37200,190,1,0,545,2,0,0,0,0,1.470430108,0.366300366
707,https://instagram.com/q_dori,1331,24388,119,1,0,302,5,4381,7,0,0,1.258815811,1.650165017
708,https://instagram.com/dasom_,4913,30691,1453,1,0,122,4,489,1,0,0,0.410543808,3.25203252
709,https://instagram.com/collectamber_,4319,19805,1083,1,0,54,1,919,2,0,0,0.27770765,1.818181818
710,https://instagram.com/femmefatale_mint,161,47015,110,1,0,1294,29,0,0,0,0,2.813995533,2.239382239
711,https://instagram.com/lovehany_sy,802,40139,289,1,0,566,1,1273,3,0,0,1.412591245,0.176366843
712,https://instagram.com/mynameanjin,4037,45742,995,1,0,106,1,0,0,0,0,0.233920686,0.934579439
713,https://instagram.com/photo_hair_cut,159,5606,4485,1,0,271,2,0,0,0,0,4.869782376,0.735294118
714,https://instagram.com/snow_kr_official,326,24102,1557,1,1,389,3,9983,6,0,0,1.626421044,0.769230769
715,https://instagram.com/su._.pi,42,10836,6421,1,0,795,10,672,7,0,0,7.428940568,1.256281407
716,https://instagram.com/eun6381,266,20299,224,1,0,438,11,0,0,0,0,2.211931622,2.505694761
717,https://instagram.com/chaemi.nail,1428,28915,187,1,0,462,3,0,0,0,0,1.608161854,0.647948164
718,https://instagram.com/zzangfox75,8895,25999,2774,1,0,358,9,496,3,0,0,1.411592754,2.506963788
719,https://instagram.com/maylim_k,1365,38929,432,1,0,455,22,0,0,0,0,1.225307611,4.824561404
720,https://instagram.com/bae.sajang,3455,123194,7110,1,0,822,17,2467,13,0,0,0.681039661,2.065613609
721,https://instagram.com/yewon_____j,630,11435,5758,1,0,605,13,0,0,0,0,5.404459991,2.145214521
722,https://instagram.com/chocomousse0916,1429,86930,1386,1,0,734,26,0,0,4090,27,0.874266651,3.537414966
723,https://instagram.com/saravivid,2028,127802,459,1,0,1818,11,0,0,0,0,1.431120014,0.604727872
724,https://instagram.com/banso,194,30915,306,1,1,682,30,0,0,0,0,2.303089115,4.39238653
725,https://instagram.com/beauty.sketch,509,46616,6516,1,0,556,7,0,0,0,0,1.207739832,1.256732496
726,https://instagram.com/jihyea87,1182,109275,3280,1,0,1514,20,1403,9,0,0,1.403797758,1.320132013
727,https://instagram.com/olivia.yoon_,851,58261,313,1,0,465,19,6275,35,0,0,0.830744409,4.077253219
728,https://instagram.com/jangkorea_,152,22148,99,1,0,1010,20,4835,35,0,0,4.650532779,1.978239367
729,https://instagram.com/mimi__hye,920,41847,172,1,0,303,14,266,8,0,0,0.757521447,4.605263158
730,https://instagram.com/ddddo.s,689,57369,2435,1,0,594,12,0,0,0,0,1.056319615,2.016806723
731,https://instagram.com/kimxxmiso,1078,52681,252,1,0,393,10,2144,5,0,0,0.764981682,2.538071066
732,https://instagram.com/hae_a2019,187,22670,3,1,0,2920,18,58300,17,0,0,12.95985884,0.616227319
733,https://instagram.com/0ing_ddoing,252,26497,569,1,0,655,6,0,0,0,0,2.494622033,0.914634146
734,https://instagram.com/yoonseo860,1443,21222,4289,1,0,362,14,0,0,0,0,1.771746301,3.856749311
735,https://instagram.com/minimining_,472,15574,98,1,0,381,10,0,0,0,0,2.510594581,2.617801047
736,https://instagram.com/won850318,2643,28029,2146,1,0,278,3,1672,2,0,0,1.002533091,1.075268817
737,https://instagram.com/nunuher,2153,15466,166,1,0,213,19,0,0,0,0,1.500064658,8.878504673
738,https://instagram.com/1122__rabbit,801,43339,628,1,0,639,11,0,0,0,0,1.499803872,1.71875
739,https://instagram.com/_loveys_,991,110412,324,1,0,197,6,2939,13,0,0,0.183856827,3.03030303
740,https://instagram.com/pinkmint79,2488,54474,443,1,0,413,15,0,0,0,0,0.785695928,3.623188406
741,https://instagram.com/arcs.andsome,743,14291,243,1,0,435,15,8942,30,18000,26,3.148834931,3.440366972
742,https://instagram.com/zihye_gyul,360,43954,388,1,0,502,13,2715,11,0,0,1.171679483,2.584493042
743,https://instagram.com/ka_young2000,63,13189,475,1,0,490,30,1786,23,0,0,3.942679506,6.109979633
744,https://instagram.com/beuuunjung,206,19709,491,1,0,977,13,9893,23,0,0,5.0230859,1.329243354
745,https://instagram.com/dipp_____,445,16406,590,1,0,884,14,0,0,0,0,5.473607217,1.581920904
746,https://instagram.com/febriihikaru,839,96336,2232,1,0,2438,32,12584,15,0,0,2.563942867,1.31201312
747,https://instagram.com/echo.unni,2744,30980,814,1,0,269,9,4698,6,2135,0,0.897353131,3.333333333
748,https://instagram.com/justyoung__,1240,27331,240,1,0,277,4,1154,2,0,0,1.028136548,1.438848921
749,https://instagram.com/wjsdkfka,690,20558,1700,1,0,815,2,615,11,0,0,3.974121996,0.245098039
750,https://instagram.com/bling_kimdana,543,62739,327,1,0,977,27,0,0,0,0,1.600280527,2.760736196
751,https://instagram.com/s__.ugoi,85,7069,965,1,0,918,62,0,0,0,0,13.86334701,6.746463547
752,https://instagram.com/winter_28270,421,233172,0,1,0,8952,119,0,0,0,0,3.890261266,1.329163409
753,https://instagram.com/_r.mming_,783,47453,2957,1,0,253,7,1230,12,0,0,0.547910564,2.755905512
754,https://instagram.com/mihwa1127,2348,106359,3067,1,0,617,23,1566,13,0,0,0.601735631,3.721682848
755,https://instagram.com/catterjug,847,63050,6958,1,0,586,6,0,0,0,0,0.938937351,1.022146508
756,https://instagram.com/jinunmi,3308,34144,828,1,0,378,36,3907,22,0,0,1.212511715,9.498680739
757,https://instagram.com/bjsjhses,1152,100362,5972,1,0,496,18,0,0,0,0,0.512146031,3.621730382
758,https://instagram.com/dr.hong_,1583,19014,386,1,0,296,21,4100,16,0,0,1.667192595,7.070707071
759,https://instagram.com/seo.ji.hoon,382,10082,958,1,0,935,69,0,0,0,0,9.958341599,7.371794872
760,https://instagram.com/everycare_kr,546,18576,7129,1,0,110,5,8310,2,0,0,0.619078381,4.504504505
761,https://instagram.com/rani_1027,2074,31655,5191,1,0,307,5,0,0,0,0,0.985626283,1.623376623
762,https://instagram.com/j.on___,2983,15587,1034,1,0,137,8,4451,60,0,0,0.930262398,5.797101449
763,https://instagram.com/lucky_mybaby,1068,66534,269,1,0,268,2,6323,0,0,0,0.405807557,0.743494424
764,https://instagram.com/seha_03,194,27460,149,1,0,294,3,1198,2,0,0,1.081573197,1.016949153
765,https://instagram.com/susulovemj,1615,84655,1892,1,0,945,34,1185,49,0,0,1.156458567,3.594080338
766,https://instagram.com/kangseungok3646,3229,42065,229,1,0,973,19,0,0,0,0,2.358255081,1.950718686
767,https://instagram.com/costrama,5027,46731,2410,1,0,299,11,0,0,0,0,0.66337121,3.666666667
768,https://instagram.com/aggieku0201,1758,89284,863,1,0,958,10,0,0,0,0,1.084180816,1.042752868
769,https://instagram.com/jung___a,150,14681,701,1,0,666,23,0,0,1189,13,4.693140794,3.448275862
770,https://instagram.com/jyzizima,2444,19279,263,1,0,347,5,1473,3,0,0,1.825820841,1.436781609
771,https://instagram.com/kkoch1115,2049,94093,90,1,0,942,3,0,0,0,0,1.004325508,0.318133616
772,https://instagram.com/youngjoo1225,3607,102418,6911,1,0,932,34,4265,48,2575,14,0.943193579,3.644158628
773,https://instagram.com/bo___seok_,298,19540,7475,1,0,989,28,774,19,0,0,5.204708291,2.828282828
774,https://instagram.com/jungsungaa,3710,29407,282,1,0,257,8,8646,6,0,0,0.901145986,3.100775194
775,https://instagram.com/da.and.woo,2028,36581,615,1,0,404,19,498,4,0,0,1.15633799,4.691358025
776,https://instagram.com/mingarden_,643,38206,407,1,0,565,25,5994,17,0,0,1.544260064,4.416961131
777,https://instagram.com/yoon_youngme,8639,23467,495,1,0,241,8,0,0,0,0,1.061064474,3.305785124
778,https://instagram.com/mseoka,27,28247,244,1,0,1916,31,9641,36,0,0,6.892767374,1.617110068
779,https://instagram.com/tmxkdysl,818,111136,5524,1,0,1068,24,1,0,0,0,0.982579902,2.245088868
781,https://instagram.com/su.j1n1,425,12296,5456,1,0,1097,56,0,0,0,0,9.377033182,5.100182149
782,https://instagram.com/hyrn._.04,34,10171,7333,1,0,1682,25,0,0,0,0,16.78301052,1.485442662
783,https://instagram.com/tiffanys3o,198,3119,1683,1,0,430,7,0,0,0,0,14.01090093,1.62412993
784,https://instagram.com/sy8379,1223,48060,3015,1,0,110,5,0,0,0,0,0.239284228,4.504504505
785,https://instagram.com/3puppy,1698,21846,730,1,0,398,4,1749,14,0,0,1.840153804,1.002506266
786,https://instagram.com/ggool25,1260,101896,4574,1,0,1082,44,0,0,0,0,1.105048285,4.06278855
787,https://instagram.com/haneuddeum,1628,49953,537,1,1,823,16,2118,14,0,0,1.679578804,1.941747573
788,https://instagram.com/_seo.hui.93,988,50867,293,1,1,634,13,0,0,0,0,1.271944483,2.047244094
789,https://instagram.com/jenny5466,6920,60218,1185,1,0,1185,21,0,0,0,0,2.002723438,1.770657673
790,https://instagram.com/hano.gram,993,22557,201,1,0,618,11,4420,10,0,0,2.788491377,1.777059774
791,https://instagram.com/younsunhey,1543,76321,470,1,0,296,6,803,16,0,0,0.395697121,2.02020202
793,https://instagram.com/hi_1204_,953,18224,892,1,0,798,56,0,0,0,0,4.686128183,7.008760951
794,https://instagram.com/cutteyooung,94,4990,541,1,0,728,48,2806,77,0,0,15.5511022,6.58436214
795,https://instagram.com/marshallbride,1604,20652,86,1,0,249,1,4055,1,0,0,1.21053651,0.4
796,https://instagram.com/jinmi_nana,3415,18594,573,1,0,60,4,1591,11,745,2,0.344197053,6.557377049
797,https://instagram.com/__________yuri_,1889,9716,487,1,0,44,5,132,7,0,0,0.504322767,11.11111111
798,https://instagram.com/gomsnap,658,46880,300,1,0,418,4,0,0,0,0,0.900170648,0.954653938
799,https://instagram.com/tweet_song,1098,14851,307,1,0,377,64,0,0,8655,64,2.969497004,16.93121693
800,https://instagram.com/ch_seojin,392,31417,7472,1,0,1952,15,15767,16,0,0,6.260941528,0.768049155
801,https://instagram.com/dd__boon,736,12838,294,1,0,762,49,0,0,0,0,6.317183362,6.422018349
802,https://instagram.com/ks_vely7,348,108729,114,1,0,1063,24,932,14,0,0,0.999733282,2.255639098
803,https://instagram.com/u_luv_me,1051,62417,244,1,0,434,17,0,0,0,0,0.722559559,3.908045977
804,https://instagram.com/ggyu_o3o,72,34384,343,1,0,1788,22,7783,26,0,0,5.264076315,1.229737283
805,https://instagram.com/elly0126,1791,90170,527,1,0,607,22,6121,17,0,0,0.697571254,3.618421053
806,https://instagram.com/kimjubu_home,1809,19868,285,1,0,358,52,0,0,0,0,2.063619891,14.48467967
807,https://instagram.com/rosefix,2699,49349,592,1,0,411,8,0,0,0,0,0.849054692,1.941747573
808,https://instagram.com/h.hailey__,542,12065,297,1,0,516,3,3189,0,0,0,4.30169913,0.580270793
809,https://instagram.com/jisungire,3264,23761,130,1,0,566,14,2190,13,0,0,2.440974706,2.469135802
810,https://instagram.com/_castella_,2631,17478,5281,1,0,436,23,0,0,0,0,2.626158599,5.263157895
811,https://instagram.com/ha_sisters__,6449,44115,310,1,0,467,32,3821,14,0,0,1.131134535,6.837606838
812,https://instagram.com/_oliviastory,2488,13665,1383,1,0,123,6,1643,5,0,0,0.944017563,4.838709677
813,https://instagram.com/by_talktome,3576,18608,428,1,0,582,14,0,0,0,0,3.202923474,2.401372213
814,https://instagram.com/aripi_06,372,118003,287,1,0,1815,54,0,0,2107,11,1.583858038,2.973568282
815,https://instagram.com/woolzzin,361,124599,735,1,0,8038,215,23600,197,0,0,6.623648665,2.674461998
816,https://instagram.com/moon.light0619,766,45372,747,1,0,349,12,0,0,0,0,0.795644891,3.428571429
817,https://instagram.com/z_hyunee,245,51796,355,1,0,1636,52,0,0,0,0,3.258938914,3.176542456
818,https://instagram.com/khsolvly,196,48387,257,1,0,693,6,0,0,0,0,1.444602889,0.864553314
819,https://instagram.com/_sia.mom_,2553,57791,274,1,0,812,4,0,0,0,0,1.411984565,0.49200492
821,https://instagram.com/eeun_98,438,21924,344,1,0,449,26,0,0,0,0,2.166575442,5.777777778
822,https://instagram.com/dhy_6,27,10310,1054,1,0,1176,1,0,0,0,0,11.41610087,0.084961767
823,https://instagram.com/l.hyun_____,297,9939,529,1,0,430,59,930,61,0,0,4.920012074,13.68909513
824,https://instagram.com/amorepacific.official,418,18997,0,1,1,236,3,744,0,0,0,1.258093383,1.265822785
825,https://instagram.com/___bluelotus,568,44778,1299,1,0,382,16,2352,6,0,0,0.888829336,4.177545692
826,https://instagram.com/ssossolovely,1060,44166,239,1,1,1029,29,5639,39,0,0,2.395507857,2.815533981
827,https://instagram.com/miu_boutique,2143,16331,390,1,0,212,19,3807,23,0,0,1.414487784,8.920187793
828,https://instagram.com/sihyuuun,603,34743,656,1,0,644,15,3568,29,0,0,1.896784964,2.325581395
829,https://instagram.com/kang.n_ay,701,35179,461,1,0,617,15,0,0,0,0,1.796526337,2.427184466
830,https://instagram.com/haru_love2015,3101,105322,7104,1,0,816,51,0,0,0,0,0.823189837,6.242350061
831,https://instagram.com/_linsun__,3238,111951,2808,1,0,1173,56,2243,62,0,0,1.097801717,4.770017036
832,https://instagram.com/hyeyoungeyo,220,12742,5637,1,0,665,9,0,0,0,0,5.28959347,1.351351351
833,https://instagram.com/_hotbin,845,63160,249,1,0,1308,53,7372,45,0,0,2.154844839,4.048892284
834,https://instagram.com/bling__tae,1680,37133,396,1,0,414,13,0,0,0,0,1.149920556,3.13253012
835,https://instagram.com/a_z_e_,1877,20238,248,1,0,879,5,0,0,0,0,4.368020555,0.568181818
836,https://instagram.com/lulie___,3817,105019,6752,1,0,848,30,0,0,0,0,0.836039193,3.533568905
837,https://instagram.com/_bestido,1265,59915,152,1,0,967,16,0,0,0,0,1.640657598,1.652892562
838,https://instagram.com/kim_hj74,1672,69078,7236,1,0,99,15,0,0,0,0,0.165030835,15
839,https://instagram.com/ravienana,1251,16232,507,1,0,299,33,3864,30,0,0,2.045342533,11
840,https://instagram.com/lip_song,756,22649,5550,1,0,166,6,797,11,1316,14,0.759415427,3.592814371
841,https://instagram.com/binnalyoon,700,32493,799,1,0,118,0,3779,1,0,0,0.363155141,0
842,https://instagram.com/mocoming,3410,63631,272,1,0,405,9,3112,17,0,0,0.650626267,2.216748768
843,https://instagram.com/k_________leo,624,10740,6485,1,0,645,135,0,0,0,0,7.262569832,20.89783282
844,https://instagram.com/kimyamjeon,1449,64322,5325,1,0,265,3,0,0,0,0,0.416653711,1.127819549
845,https://instagram.com/who_ansso,1078,36772,4856,1,0,652,63,0,0,0,0,1.944414228,9.647779479
846,https://instagram.com/_kkzy,97,20334,456,1,0,552,23,0,0,0,0,2.827776138,4.159132007
847,https://instagram.com/yooonnami,2039,20783,345,1,0,235,10,0,0,0,0,1.178848097,4.237288136
848,https://instagram.com/dkdud5070,806,43023,2496,1,0,318,24,2465,68,0,0,0.794923645,7.523510972
849,https://instagram.com/_sarang,1839,32341,422,1,0,1039,35,3448,29,0,0,3.320862064,3.365384615
850,https://instagram.com/smilejoanna22,3690,106427,5405,1,0,486,20,1717,18,0,0,0.475443262,4.106776181
851,https://instagram.com/ssangdiya,2576,87788,5327,1,0,207,21,1340,15,0,0,0.25971659,10.09615385
852,https://instagram.com/lovelyddung,2093,14011,359,1,0,73,15,0,0,0,0,0.628077939,20.27027027
853,https://instagram.com/iam.ggu,806,13299,80,1,0,181,3,2803,5,0,0,1.383562674,1.648351648
854,https://instagram.com/wjdekadl3,617,51476,443,1,0,731,8,1915,0,0,0,1.435620483,1.092896175
855,https://instagram.com/b0ol_,159,6099,582,1,0,474,60,0,0,0,0,8.755533694,12.63157895
856,https://instagram.com/9.1.0.7.3.0,2092,77198,3324,1,0,934,19,0,0,0,0,1.23448794,2.032085561
857,https://instagram.com/juhee_sohn,1816,21709,825,1,0,153,4,1961,4,0,0,0.723202358,2.597402597
858,https://instagram.com/pdj.1989,2376,14586,5370,1,0,234,8,749,19,0,0,1.659125189,3.404255319
859,https://instagram.com/94danmie,726,54069,360,1,0,325,8,3992,5,0,0,0.615879709,2.45398773
860,https://instagram.com/i_amjini,1545,23200,348,1,0,449,11,1440,7,0,0,1.982758621,2.444444444
861,https://instagram.com/yeonions,517,101072,674,1,0,1771,78,0,0,0,0,1.82938895,4.401805869
862,https://instagram.com/bbjini,37,23412,195,1,0,1154,24,41700,16,0,0,5.031607723,2.077922078
863,https://instagram.com/_rumiii,1553,28108,242,1,0,103,4,520,2,0,0,0.380674541,3.846153846
864,https://instagram.com/baisookr,3512,19682,6381,1,0,153,6,887,4,0,0,0.807844731,3.896103896
865,https://instagram.com/adel_j_,3711,39076,6625,1,0,89,3,1028,4,0,0,0.235438632,3.333333333
866,https://instagram.com/jjyy.1014,79,14106,3143,1,0,486,18,0,0,0,0,3.572947682,3.696098563
867,https://instagram.com/manyofactory_official,590,19535,5,1,0,249,2,2077,22,3881,50,1.284873304,0.8
868,https://instagram.com/inthe_h__1,356,18719,446,1,0,1316,23,0,0,0,0,7.153159891,1.746393318
869,https://instagram.com/ain_jane,3796,12371,2072,1,0,124,8,718,10,0,0,1.067011559,6.4
870,https://instagram.com/chae_jinju,18,4752,170,1,0,789,11,0,0,0,0,16.83501684,1.392405063
871,https://instagram.com/jehwani2222,34,9377,2858,1,0,854,14,0,0,0,0,9.256691906,1.637426901
872,https://instagram.com/sean_mom_miso,2044,26439,7427,1,0,74,1,0,0,0,0,0.283671848,1.333333333
873,https://instagram.com/dda_ddable,477,146305,287,1,0,2867,30,0,0,0,0,1.980110044,1.046025105
874,https://instagram.com/ang6624,2516,118221,6868,1,0,756,48,1980,27,0,0,0.680082219,6.340819022
875,https://instagram.com/hilty74,2209,61554,5495,1,0,352,4,0,0,0,0,0.578353966,1.133144476
876,https://instagram.com/reve_sunhwa,1621,78509,6961,1,0,187,5,0,0,152,4,0.244557949,2.659574468
877,https://instagram.com/search4matchip,535,10785,6673,1,0,501,10,0,0,0,0,4.738062123,1.992031873
878,https://instagram.com/ssongjiyam,2389,102854,7377,1,0,1062,41,1538,33,0,0,1.072393879,3.857008467
879,https://instagram.com/njellsol,1045,102632,1312,1,0,791,52,1178,48,0,0,0.821381246,6.565656566
880,https://instagram.com/bambi_nimo,2900,45157,301,1,0,308,8,0,0,0,0,0.699780765,2.588996764
881,https://instagram.com/do_ob93,1175,62622,270,1,0,1393,17,2670,13,0,0,2.251604867,1.219512195
882,https://instagram.com/habin_s2_,125,73604,821,1,0,2644,73,0,0,0,0,3.691375469,2.759924386
883,https://instagram.com/melo__j,1217,45409,412,1,0,306,16,0,0,0,0,0.709110529,5.211726384
884,https://instagram.com/shin_hope,3532,108713,4269,1,0,917,35,2909,43,0,0,0.875700238,3.812636166
885,https://instagram.com/angelwhite79,667,100509,1246,1,0,663,62,0,0,0,0,0.721328438,9.337349398
886,https://instagram.com/bbonjlove,966,26865,6915,1,0,128,1,204,1,1145,0,0.480178671,0.775193798
887,https://instagram.com/hyejeongj,242,16982,3366,1,0,739,44,0,0,0,0,4.610764339,5.945945946
888,https://instagram.com/mong__bee,1778,57799,1270,1,0,1395,15,0,0,0,0,2.439488572,1.074498567
889,https://instagram.com/coordibling,1253,32541,826,1,0,169,7,3906,8,0,0,0.540856151,4.117647059
890,https://instagram.com/hani_823,1467,120416,675,1,0,288,13,0,0,0,0,0.249966782,4.498269896
891,https://instagram.com/iam_tasoon,2659,17219,564,1,0,157,8,586,4,0,0,0.9582438,5.063291139
892,https://instagram.com/dum_a_official,124,19710,1,1,0,1203,21,0,0,0,0,6.210045662,1.744186047
893,https://instagram.com/handy_j,847,44076,156,1,0,430,6,789,3,0,0,0.989200472,1.392111369
894,https://instagram.com/kangda.bong,1482,13371,355,1,0,230,16,1880,17,0,0,1.839802558,6.926406926
895,https://instagram.com/so1ji,1801,14109,521,1,0,245,7,2020,13,1158,2,1.786093983,2.845528455
896,https://instagram.com/yucca_official,1286,78685,204,1,0,1357,32,24000,41,0,0,1.765266569,2.35640648
897,https://instagram.com/h_eeny,227,12436,278,1,0,534,19,0,0,0,0,4.446767449,3.551401869
898,https://instagram.com/mmmino_mom,2532,13499,4089,1,0,472,13,0,0,0,0,3.59285873,2.748414376
899,https://instagram.com/jh1130,530,28211,417,1,0,810,8,8200,24,0,0,2.899578179,0.986436498
900,https://instagram.com/kimreeslev,443,28099,385,1,0,5960,21,0,0,0,0,21.285455,0.352289884
901,https://instagram.com/subnii,239,9253,879,1,0,398,28,0,0,0,0,4.603912245,7.01754386
902,https://instagram.com/96.8g,269,8108,1685,1,0,737,84,0,0,0,0,10.12580168,11.38211382
903,https://instagram.com/samchic.nana,1552,30140,592,1,0,616,4,7511,5,0,0,2.057067021,0.648298217
904,https://instagram.com/mr_hwangdo,734,48322,936,1,1,1002,24,5728,25,0,0,2.123256488,2.392821535
905,https://instagram.com/ye_bin_mom,1509,98335,6398,1,0,783,13,0,0,0,0,0.809477805,1.658163265
906,https://instagram.com/love018294,6964,47185,7355,1,0,364,9,0,0,0,0,0.790505457,2.465753425
907,https://instagram.com/yuaring,150,10419,667,1,0,287,2,332,0,0,0,2.773778674,0.694444444
908,https://instagram.com/yeonhoo__mom,2228,70405,5707,1,0,996,15,1657,24,0,0,1.435977558,1.504513541
909,https://instagram.com/snowwhite_u,773,27551,551,1,0,498,7,0,0,0,0,1.832964321,1.402805611
910,https://instagram.com/love_jin215,728,43974,1056,1,0,452,15,0,0,0,0,1.061991177,3.311258278
911,https://instagram.com/msensation,1368,37228,728,1,0,577,25,2722,34,0,0,1.617062426,4.325259516
912,https://instagram.com/luce.soll,548,22971,962,1,0,919,10,0,0,0,0,4.044229681,1.086956522
913,https://instagram.com/chic_gimme,351,6002,179,1,0,771,38,403,8,4168,45,13.47884039,4.922279793
914,https://instagram.com/minsco_,2655,40324,1043,1,0,1604,23,8367,20,14100,26,4.034817974,1.433021807
915,https://instagram.com/y.unnm,565,46519,134,1,0,611,24,4287,14,0,0,1.365033642,3.921568627
916,https://instagram.com/am.ton_100k,315,14691,225,1,0,1022,6,46507,31,62950,52,6.997481451,0.586510264
917,https://instagram.com/kirin_makeup,206,37362,252,1,0,3040,28,26092,97,32700,68,8.211551844,0.920749753
918,https://instagram.com/j_j_u._.u,73,5450,99,1,0,444,7,0,0,0,0,8.275229358,1.573033708
919,https://instagram.com/s.he2__,143,3311,163,1,0,949,149,1011,149,0,0,33.16218665,15.68421053
920,https://instagram.com/luvjemma,1374,44732,359,1,0,273,13,0,0,0,0,0.639363319,4.744525547
921,https://instagram.com/lim_friendship,203,31090,116,1,0,1146,27,19300,36,0,0,3.772917337,2.35396687
922,https://instagram.com/heeyayum,2244,13099,4211,1,0,421,19,0,0,0,0,3.359035041,4.502369668
923,https://instagram.com/goonyyeonee,1371,102996,6955,1,0,953,82,1816,96,0,0,1.004893394,8.595387841
924,https://instagram.com/vousmaimezs,164,23849,870,1,0,502,18,3159,17,0,0,2.180384922,3.578528827
925,https://instagram.com/jekyllhb,1079,87222,6834,1,0,589,38,0,0,0,0,0.718855335,6.440677966
926,https://instagram.com/imurjaein,1103,39733,439,1,0,246,23,6065,107,6265,13,0.677019103,9.311740891
927,https://instagram.com/heegela,1892,103325,491,1,0,612,4,0,0,0,0,0.596177111,0.652528548
928,https://instagram.com/ajungmi__,999,26840,141,1,0,120,10,6018,20,0,0,0.484351714,8.26446281
929,https://instagram.com/damsluv,2064,35713,511,1,0,155,8,0,0,0,0,0.456416431,5.128205128
930,https://instagram.com/8._.13_,328,16568,2276,1,0,537,13,0,0,0,0,3.319652342,2.416356877
931,https://instagram.com/mickeysee,2265,107895,2855,1,0,1457,27,2283,0,0,0,1.375411279,1.851851852
932,https://instagram.com/naraeqq,1216,26527,582,1,0,265,9,4588,15,0,0,1.032909865,3.383458647
933,https://instagram.com/jy0_0e,170,15125,3452,1,0,1202,17,0,0,0,0,8.059504132,1.413133832
934,https://instagram.com/leedrey,64,30287,580,1,0,3649,92,10300,48,0,0,12.35183412,2.520547945
935,https://instagram.com/seojeong__2,992,10170,725,1,0,766,123,0,0,0,0,8.741396264,16.03650587
936,https://instagram.com/yonwoo_mom,1282,65523,904,1,0,139,4,0,0,0,0,0.218243975,2.857142857
937,https://instagram.com/roro_bebe_,803,11770,474,1,0,147,9,0,0,0,0,1.325403568,6.081081081
938,https://instagram.com/gegur2,218,34682,236,1,0,1166,21,591,1,0,0,3.422524653,1.799485861
939,https://instagram.com/chu3u,288,76140,281,1,0,367,6,0,0,0,0,0.48988705,1.630434783
